--
-- Script To Update Data In localhost\SQLEXPRESS.unchs_release
-- Generated Sunday, August 16, 2009, at 05:22 PM
--
-- Please backup localhost\SQLEXPRESS.unchs_release before executing this script
--


SET ANSI_NULLS, ANSI_PADDING, ANSI_WARNINGS, ARITHABORT, QUOTED_IDENTIFIER, CONCAT_NULL_YIELDS_NULL, XACT_ABORT ON
GO
SET NUMERIC_ROUNDABORT OFF
GO

BEGIN TRANSACTION

IF @@ERROR <> 0
   IF @@TRANCOUNT = 1 ROLLBACK TRANSACTION
GO

IF @@TRANCOUNT = 1
   COMMIT TRANSACTION
GO

BEGIN TRANSACTION

UPDATE [dbo].[un_co_dept_doc_type] SET [generator_class] = 'MethodStatementGenerator' WHERE [doc_data_type_id] = 2
UPDATE [dbo].[un_co_dept_doc_type] SET [generator_class] = 'RiskAssessmentGenerator' WHERE [doc_data_type_id] = 5
IF @@ERROR <> 0
   IF @@TRANCOUNT = 1 ROLLBACK TRANSACTION
GO

IF @@TRANCOUNT = 1
BEGIN
   PRINT 'Data Update Of [dbo].[un_co_dept_doc_type] Successfully Completed'
   COMMIT TRANSACTION
END ELSE
BEGIN
   PRINT 'Data Update Of [dbo].[un_co_dept_doc_type] Failed'
END
GO

BEGIN TRANSACTION

SET IDENTITY_INSERT [dbo].[un_co_dept_template_docs] ON
GO
INSERT INTO [dbo].[un_co_dept_template_docs]([doc_id], [co_id], [dept_id], [doc_type_id], [doc_name], [doc_desc], [doc_code], [flg_delete], [doc_index]) VALUES (1, 1, 1, 5, 'Plastering', 'Plastering', 'GRA24', 0, 10)
INSERT INTO [dbo].[un_co_dept_template_docs]([doc_id], [co_id], [dept_id], [doc_type_id], [doc_name], [doc_desc], [doc_code], [flg_delete], [doc_index]) VALUES (2, 1, 1, 5, 'Use of Hand Tools', 'Use of Hand Tools', 'GRA1', 0, 1)
INSERT INTO [dbo].[un_co_dept_template_docs]([doc_id], [co_id], [dept_id], [doc_type_id], [doc_name], [doc_desc], [doc_code], [flg_delete], [doc_index]) VALUES (15, 1, 1, 5, 'Use of port electricity equipment', 'Use of port electricity equipment', 'GRA2', 0, 2)
INSERT INTO [dbo].[un_co_dept_template_docs]([doc_id], [co_id], [dept_id], [doc_type_id], [doc_name], [doc_desc], [doc_code], [flg_delete], [doc_index]) VALUES (16, 1, 1, 5, 'Manual Handling', 'Manual Handling', 'GRA3', 0, 3)
INSERT INTO [dbo].[un_co_dept_template_docs]([doc_id], [co_id], [dept_id], [doc_type_id], [doc_name], [doc_desc], [doc_code], [flg_delete], [doc_index]) VALUES (17, 1, 1, 5, 'Working at heights', 'Working at heights', 'GRA6', 0, 4)
INSERT INTO [dbo].[un_co_dept_template_docs]([doc_id], [co_id], [dept_id], [doc_type_id], [doc_name], [doc_desc], [doc_code], [flg_delete], [doc_index]) VALUES (18, 1, 1, 5, 'Stripping Out', 'Stripping Out', 'GRA08', 0, 5)
INSERT INTO [dbo].[un_co_dept_template_docs]([doc_id], [co_id], [dept_id], [doc_type_id], [doc_name], [doc_desc], [doc_code], [flg_delete], [doc_index]) VALUES (19, 1, 1, 5, 'General Electrics', 'General Electrics', 'GRA10', 0, 6)
INSERT INTO [dbo].[un_co_dept_template_docs]([doc_id], [co_id], [dept_id], [doc_type_id], [doc_name], [doc_desc], [doc_code], [flg_delete], [doc_index]) VALUES (20, 1, 1, 5, 'Plumbing installation', 'Plumbing installation', 'GRA9', 0, 7)
INSERT INTO [dbo].[un_co_dept_template_docs]([doc_id], [co_id], [dept_id], [doc_type_id], [doc_name], [doc_desc], [doc_code], [flg_delete], [doc_index]) VALUES (21, 1, 1, 5, 'General Carpentry', 'General Carpentry', 'GRA23', 0, 8)
INSERT INTO [dbo].[un_co_dept_template_docs]([doc_id], [co_id], [dept_id], [doc_type_id], [doc_name], [doc_desc], [doc_code], [flg_delete], [doc_index]) VALUES (22, 1, 1, 5, 'Flooring', 'Flooring', 'GRA26', 0, 9)
INSERT INTO [dbo].[un_co_dept_template_docs]([doc_id], [co_id], [dept_id], [doc_type_id], [doc_name], [doc_desc], [doc_code], [flg_delete], [doc_index]) VALUES (23, 1, 1, 5, 'Wall Tiling', 'Wall Tiling', 'GRA26', 0, 11)
INSERT INTO [dbo].[un_co_dept_template_docs]([doc_id], [co_id], [dept_id], [doc_type_id], [doc_name], [doc_desc], [doc_code], [flg_delete], [doc_index]) VALUES (24, 1, 1, 5, 'Internal Decorations', 'Internal Decorations', 'GRA30', 0, 12)
INSERT INTO [dbo].[un_co_dept_template_docs]([doc_id], [co_id], [dept_id], [doc_type_id], [doc_name], [doc_desc], [doc_code], [flg_delete], [doc_index]) VALUES (25, 1, 1, 5, 'Chasing Out', 'Chasing Out', 'GRA09', 0, 13)
INSERT INTO [dbo].[un_co_dept_template_docs]([doc_id], [co_id], [dept_id], [doc_type_id], [doc_name], [doc_desc], [doc_code], [flg_delete], [doc_index]) VALUES (26, 1, 1, 5, 'Removing tiles', 'Removing tiles', 'GRA7', 0, 14)
INSERT INTO [dbo].[un_co_dept_template_docs]([doc_id], [co_id], [dept_id], [doc_type_id], [doc_name], [doc_desc], [doc_code], [flg_delete], [doc_index]) VALUES (27, 1, 1, 5, 'Groundworks - Hand', 'Groundworks - Hand', 'GRA10', 0, 15)
INSERT INTO [dbo].[un_co_dept_template_docs]([doc_id], [co_id], [dept_id], [doc_type_id], [doc_name], [doc_desc], [doc_code], [flg_delete], [doc_index]) VALUES (28, 1, 1, 5, 'Groundworks - Mechanical', 'Groundworks - Mechanical', 'GRA10', 0, 16)
INSERT INTO [dbo].[un_co_dept_template_docs]([doc_id], [co_id], [dept_id], [doc_type_id], [doc_name], [doc_desc], [doc_code], [flg_delete], [doc_index]) VALUES (29, 1, 1, 5, 'Minor Roof work', 'Minor Roof work', 'GRA7', 0, 17)
INSERT INTO [dbo].[un_co_dept_template_docs]([doc_id], [co_id], [dept_id], [doc_type_id], [doc_name], [doc_desc], [doc_code], [flg_delete], [doc_index]) VALUES (30, 1, 1, 5, 'Renewing loft insulation', 'Renewing loft insulation', 'GRA11', 0, 18)
INSERT INTO [dbo].[un_co_dept_template_docs]([doc_id], [co_id], [dept_id], [doc_type_id], [doc_name], [doc_desc], [doc_code], [flg_delete], [doc_index]) VALUES (31, 1, 1, 5, 'Resurfacing Works', 'Resurfacing Works', 'GRA10', 0, 19)
INSERT INTO [dbo].[un_co_dept_template_docs]([doc_id], [co_id], [dept_id], [doc_type_id], [doc_name], [doc_desc], [doc_code], [flg_delete], [doc_index]) VALUES (32, 1, 1, 5, 'Working in confined spaces', 'Working in confined spaces', 'GRA8', 0, 20)
INSERT INTO [dbo].[un_co_dept_template_docs]([doc_id], [co_id], [dept_id], [doc_type_id], [doc_name], [doc_desc], [doc_code], [flg_delete], [doc_index]) VALUES (33, 1, 1, 5, 'Brickwork-Blockwork', 'Brickwork-Blockwork', 'GRA10', 0, 21)
INSERT INTO [dbo].[un_co_dept_template_docs]([doc_id], [co_id], [dept_id], [doc_type_id], [doc_name], [doc_desc], [doc_code], [flg_delete], [doc_index]) VALUES (34, 1, 1, 5, 'Roof work', 'Roof work', 'GRA7', 0, 22)
INSERT INTO [dbo].[un_co_dept_template_docs]([doc_id], [co_id], [dept_id], [doc_type_id], [doc_name], [doc_desc], [doc_code], [flg_delete], [doc_index]) VALUES (35, 1, 1, 5, 'Demolition', 'Demolition', 'GRA10', 0, 23)
INSERT INTO [dbo].[un_co_dept_template_docs]([doc_id], [co_id], [dept_id], [doc_type_id], [doc_name], [doc_desc], [doc_code], [flg_delete], [doc_index]) VALUES (36, 1, 1, 5, 'External Decorations', 'External Decorations', 'GRA30', 0, 24)
INSERT INTO [dbo].[un_co_dept_template_docs]([doc_id], [co_id], [dept_id], [doc_type_id], [doc_name], [doc_desc], [doc_code], [flg_delete], [doc_index]) VALUES (37, 1, 1, 5, 'Fencing', 'Fencing', 'GRA25', 0, 25)
INSERT INTO [dbo].[un_co_dept_template_docs]([doc_id], [co_id], [dept_id], [doc_type_id], [doc_name], [doc_desc], [doc_code], [flg_delete], [doc_index]) VALUES (38, 1, 1, 5, 'Glazing', 'Glazing', 'GRA26', 0, 26)
INSERT INTO [dbo].[un_co_dept_template_docs]([doc_id], [co_id], [dept_id], [doc_type_id], [doc_name], [doc_desc], [doc_code], [flg_delete], [doc_index]) VALUES (39, 1, 1, 5, 'Garage Doors', 'Garage Doors', 'GRA27', 0, 27)
INSERT INTO [dbo].[un_co_dept_template_docs]([doc_id], [co_id], [dept_id], [doc_type_id], [doc_name], [doc_desc], [doc_code], [flg_delete], [doc_index]) VALUES (40, 1, 1, 5, 'Pressure Washing', 'Pressure Washing', 'GRA27', 0, 28)
INSERT INTO [dbo].[un_co_dept_template_docs]([doc_id], [co_id], [dept_id], [doc_type_id], [doc_name], [doc_desc], [doc_code], [flg_delete], [doc_index]) VALUES (41, 1, 1, 5, 'Minor Structural Repairs', 'Minor Structural Repairs', 'GRA29', 0, 29)
INSERT INTO [dbo].[un_co_dept_template_docs]([doc_id], [co_id], [dept_id], [doc_type_id], [doc_name], [doc_desc], [doc_code], [flg_delete], [doc_index]) VALUES (42, 1, 1, 5, 'Slexiclean', 'Slexiclean', 'GRA30', 0, 30)
INSERT INTO [dbo].[un_co_dept_template_docs]([doc_id], [co_id], [dept_id], [doc_type_id], [doc_name], [doc_desc], [doc_code], [flg_delete], [doc_index]) VALUES (43, 1, 1, 5, 'Working in occupied property', 'Working in occupied property', 'GRA7', 0, 31)
INSERT INTO [dbo].[un_co_dept_template_docs]([doc_id], [co_id], [dept_id], [doc_type_id], [doc_name], [doc_desc], [doc_code], [flg_delete], [doc_index]) VALUES (44, 1, 1, 5, 'Working in void property', 'Working in void property', 'GRA7', 0, 32)
INSERT INTO [dbo].[un_co_dept_template_docs]([doc_id], [co_id], [dept_id], [doc_type_id], [doc_name], [doc_desc], [doc_code], [flg_delete], [doc_index]) VALUES (45, 1, 1, 5, 'Working outside', 'Working outside', 'GRA33', 0, 33)
INSERT INTO [dbo].[un_co_dept_template_docs]([doc_id], [co_id], [dept_id], [doc_type_id], [doc_name], [doc_desc], [doc_code], [flg_delete], [doc_index]) VALUES (46, 1, 1, 5, 'Petrol-Diesel Powered Plant', 'Petrol-Diesel Powered Plant', 'GRA09', 0, 34)
INSERT INTO [dbo].[un_co_dept_template_docs]([doc_id], [co_id], [dept_id], [doc_type_id], [doc_name], [doc_desc], [doc_code], [flg_delete], [doc_index]) VALUES (47, 1, 1, 5, 'Fitting Bathroom', 'Fitting Bathroom', 'GRA24', 0, 35)
INSERT INTO [dbo].[un_co_dept_template_docs]([doc_id], [co_id], [dept_id], [doc_type_id], [doc_name], [doc_desc], [doc_code], [flg_delete], [doc_index]) VALUES (50, 1, 1, 5, 'Fitting Kitchen', 'Fitting Kitchen', 'GRA23', 0, 36)
SET IDENTITY_INSERT [dbo].[un_co_dept_template_docs] OFF
GO
IF @@ERROR <> 0
   IF @@TRANCOUNT = 1 ROLLBACK TRANSACTION
GO

IF @@TRANCOUNT = 1
BEGIN
   PRINT 'Data Update Of [dbo].[un_co_dept_template_docs] Successfully Completed'
   COMMIT TRANSACTION
END ELSE
BEGIN
   PRINT 'Data Update Of [dbo].[un_co_dept_template_docs] Failed'
END
GO

BEGIN TRANSACTION

SET IDENTITY_INSERT [dbo].[un_co_dept_template_items] ON
GO
INSERT INTO [dbo].[un_co_dept_template_items]([item_id], [co_id], [dept_id], [section_id], [doc_id], [item_type], [item_name], [item_desc], [item_index]) VALUES (1, 1, 1, 2, 1, 1, 'Plastering', '', 1)
INSERT INTO [dbo].[un_co_dept_template_items]([item_id], [co_id], [dept_id], [section_id], [doc_id], [item_type], [item_name], [item_desc], [item_index]) VALUES (2, 1, 1, 3, 1, 1, 'Health and Safety at Work etc. Act 1974', '', 1)
INSERT INTO [dbo].[un_co_dept_template_items]([item_id], [co_id], [dept_id], [section_id], [doc_id], [item_type], [item_name], [item_desc], [item_index]) VALUES (3, 1, 1, 4, 1, 1, '1.	Manual handling', '', 1)
INSERT INTO [dbo].[un_co_dept_template_items]([item_id], [co_id], [dept_id], [section_id], [doc_id], [item_type], [item_name], [item_desc], [item_index]) VALUES (4, 1, 1, 5, 1, 1, 'Operatives and Tenants', '', 1)
INSERT INTO [dbo].[un_co_dept_template_items]([item_id], [co_id], [dept_id], [section_id], [doc_id], [item_type], [item_name], [item_desc], [item_index]) VALUES (5, 1, 1, 6, 1, 1, 'Infrequent', '', 1)
INSERT INTO [dbo].[un_co_dept_template_items]([item_id], [co_id], [dept_id], [section_id], [doc_id], [item_type], [item_name], [item_desc], [item_index]) VALUES (6, 1, 1, 7, 1, 1, '1.	Ensure workforce are competent and trained to current industry standards', '', 1)
INSERT INTO [dbo].[un_co_dept_template_items]([item_id], [co_id], [dept_id], [section_id], [doc_id], [item_type], [item_name], [item_desc], [item_index]) VALUES (7, 1, 1, 8, 1, 1, 'Low', '', 1)
INSERT INTO [dbo].[un_co_dept_template_items]([item_id], [co_id], [dept_id], [section_id], [doc_id], [item_type], [item_name], [item_desc], [item_index]) VALUES (8, 1, 1, 9, 1, 1, '2', '', 1)
INSERT INTO [dbo].[un_co_dept_template_items]([item_id], [co_id], [dept_id], [section_id], [doc_id], [item_type], [item_name], [item_desc], [item_index]) VALUES (9, 1, 1, 10, 1, 1, '2', '', 1)
INSERT INTO [dbo].[un_co_dept_template_items]([item_id], [co_id], [dept_id], [section_id], [doc_id], [item_type], [item_name], [item_desc], [item_index]) VALUES (10, 1, 1, 11, 1, 1, '1.	Supervision to ensure that precautions are taken and control measures are followed', '', 1)
INSERT INTO [dbo].[un_co_dept_template_items]([item_id], [co_id], [dept_id], [section_id], [doc_id], [item_type], [item_name], [item_desc], [item_index]) VALUES (11, 1, 1, 12, 1, 1, 'IMMEDIATE', '', 1)
INSERT INTO [dbo].[un_co_dept_template_items]([item_id], [co_id], [dept_id], [section_id], [doc_id], [item_type], [item_name], [item_desc], [item_index]) VALUES (12, 1, 1, 4, 1, 1, '2.	Working at height', '', 2)
INSERT INTO [dbo].[un_co_dept_template_items]([item_id], [co_id], [dept_id], [section_id], [doc_id], [item_type], [item_name], [item_desc], [item_index]) VALUES (13, 1, 1, 4, 1, 1, '3.	Working with hand tools', '', 3)
INSERT INTO [dbo].[un_co_dept_template_items]([item_id], [co_id], [dept_id], [section_id], [doc_id], [item_type], [item_name], [item_desc], [item_index]) VALUES (14, 1, 1, 4, 1, 1, '4.	Interaction with tenants', '', 4)
INSERT INTO [dbo].[un_co_dept_template_items]([item_id], [co_id], [dept_id], [section_id], [doc_id], [item_type], [item_name], [item_desc], [item_index]) VALUES (15, 1, 1, 4, 1, 1, '5.	Asbestos', '', 5)
INSERT INTO [dbo].[un_co_dept_template_items]([item_id], [co_id], [dept_id], [section_id], [doc_id], [item_type], [item_name], [item_desc], [item_index]) VALUES (16, 1, 1, 3, 1, 1, 'Working at height 2005', '', 2)
INSERT INTO [dbo].[un_co_dept_template_items]([item_id], [co_id], [dept_id], [section_id], [doc_id], [item_type], [item_name], [item_desc], [item_index]) VALUES (17, 1, 1, 3, 1, 1, 'Kier Red Tops – Relating to working at height', '', 3)
INSERT INTO [dbo].[un_co_dept_template_items]([item_id], [co_id], [dept_id], [section_id], [doc_id], [item_type], [item_name], [item_desc], [item_index]) VALUES (18, 1, 1, 7, 1, 1, '2.	Contractor to use good handling techniques.', '', 2)
INSERT INTO [dbo].[un_co_dept_template_items]([item_id], [co_id], [dept_id], [section_id], [doc_id], [item_type], [item_name], [item_desc], [item_index]) VALUES (19, 1, 1, 7, 1, 1, '3.	Tools are inspected prior to use', '', 3)
INSERT INTO [dbo].[un_co_dept_template_items]([item_id], [co_id], [dept_id], [section_id], [doc_id], [item_type], [item_name], [item_desc], [item_index]) VALUES (20, 1, 1, 7, 1, 1, '4.	Ensure correct PPE is worn at all times', '', 4)
INSERT INTO [dbo].[un_co_dept_template_items]([item_id], [co_id], [dept_id], [section_id], [doc_id], [item_type], [item_name], [item_desc], [item_index]) VALUES (21, 1, 1, 7, 1, 1, '5.	Asbestos register referred to where available.', '', 5)
INSERT INTO [dbo].[un_co_dept_template_items]([item_id], [co_id], [dept_id], [section_id], [doc_id], [item_type], [item_name], [item_desc], [item_index]) VALUES (22, 1, 1, 11, 1, 1, '2.	Kier Red Tops referred to were relevant. ', '', 2)
INSERT INTO [dbo].[un_co_dept_template_items]([item_id], [co_id], [dept_id], [section_id], [doc_id], [item_type], [item_name], [item_desc], [item_index]) VALUES (45, 1, 1, 2, 2, 1, 'Use of Hand Tools', '', 1)
INSERT INTO [dbo].[un_co_dept_template_items]([item_id], [co_id], [dept_id], [section_id], [doc_id], [item_type], [item_name], [item_desc], [item_index]) VALUES (46, 1, 1, 3, 2, 1, 'Health and Safety at Work etc. Act 1974', '', 1)
INSERT INTO [dbo].[un_co_dept_template_items]([item_id], [co_id], [dept_id], [section_id], [doc_id], [item_type], [item_name], [item_desc], [item_index]) VALUES (47, 1, 1, 3, 2, 1, 'Provision and Use of Work Equipment Regulations 1998', '', 2)
INSERT INTO [dbo].[un_co_dept_template_items]([item_id], [co_id], [dept_id], [section_id], [doc_id], [item_type], [item_name], [item_desc], [item_index]) VALUES (49, 1, 1, 4, 2, 1, '1.	Injury to operative e.g. hands, feet, body and eye injury', '', 1)
INSERT INTO [dbo].[un_co_dept_template_items]([item_id], [co_id], [dept_id], [section_id], [doc_id], [item_type], [item_name], [item_desc], [item_index]) VALUES (54, 1, 1, 5, 2, 1, 'Operatives ', '', 1)
INSERT INTO [dbo].[un_co_dept_template_items]([item_id], [co_id], [dept_id], [section_id], [doc_id], [item_type], [item_name], [item_desc], [item_index]) VALUES (55, 1, 1, 6, 2, 1, 'Infrequent', '', 1)
INSERT INTO [dbo].[un_co_dept_template_items]([item_id], [co_id], [dept_id], [section_id], [doc_id], [item_type], [item_name], [item_desc], [item_index]) VALUES (56, 1, 1, 7, 2, 1, '1.	Only use tools fit for the task to be carried out', '', 1)
INSERT INTO [dbo].[un_co_dept_template_items]([item_id], [co_id], [dept_id], [section_id], [doc_id], [item_type], [item_name], [item_desc], [item_index]) VALUES (57, 1, 1, 7, 2, 1, '2.	Operatives to be instructed in the safe use and maintenance of tools', '', 2)
INSERT INTO [dbo].[un_co_dept_template_items]([item_id], [co_id], [dept_id], [section_id], [doc_id], [item_type], [item_name], [item_desc], [item_index]) VALUES (58, 1, 1, 7, 2, 1, '3.	Ensure operatives wear appropriate PPE', '', 3)
INSERT INTO [dbo].[un_co_dept_template_items]([item_id], [co_id], [dept_id], [section_id], [doc_id], [item_type], [item_name], [item_desc], [item_index]) VALUES (59, 1, 1, 7, 2, 1, '4.	Repairs to hand tools to be carried out by competent persons', '', 4)
INSERT INTO [dbo].[un_co_dept_template_items]([item_id], [co_id], [dept_id], [section_id], [doc_id], [item_type], [item_name], [item_desc], [item_index]) VALUES (61, 1, 1, 8, 2, 1, 'Low', '', 1)
INSERT INTO [dbo].[un_co_dept_template_items]([item_id], [co_id], [dept_id], [section_id], [doc_id], [item_type], [item_name], [item_desc], [item_index]) VALUES (62, 1, 1, 9, 2, 1, '2', '', 1)
INSERT INTO [dbo].[un_co_dept_template_items]([item_id], [co_id], [dept_id], [section_id], [doc_id], [item_type], [item_name], [item_desc], [item_index]) VALUES (63, 1, 1, 10, 2, 1, '5', '', 1)
INSERT INTO [dbo].[un_co_dept_template_items]([item_id], [co_id], [dept_id], [section_id], [doc_id], [item_type], [item_name], [item_desc], [item_index]) VALUES (64, 1, 1, 11, 2, 1, '1.	Include information in regular toolbox talks', '', 1)
INSERT INTO [dbo].[un_co_dept_template_items]([item_id], [co_id], [dept_id], [section_id], [doc_id], [item_type], [item_name], [item_desc], [item_index]) VALUES (66, 1, 1, 12, 2, 1, 'IMMEDIATE', '', 1)
INSERT INTO [dbo].[un_co_dept_template_items]([item_id], [co_id], [dept_id], [section_id], [doc_id], [item_type], [item_name], [item_desc], [item_index]) VALUES (67, 1, 1, 2, 16, 1, 'Manual Handling', '', 1)
INSERT INTO [dbo].[un_co_dept_template_items]([item_id], [co_id], [dept_id], [section_id], [doc_id], [item_type], [item_name], [item_desc], [item_index]) VALUES (68, 1, 1, 3, 16, 1, 'Health and Safety at Work etc. Act 1974', '', 1)
INSERT INTO [dbo].[un_co_dept_template_items]([item_id], [co_id], [dept_id], [section_id], [doc_id], [item_type], [item_name], [item_desc], [item_index]) VALUES (69, 1, 1, 3, 16, 1, 'Manual Handling Operations Regulations 1992', '', 2)
INSERT INTO [dbo].[un_co_dept_template_items]([item_id], [co_id], [dept_id], [section_id], [doc_id], [item_type], [item_name], [item_desc], [item_index]) VALUES (70, 1, 1, 4, 16, 1, '1.	Back strain, slipped disc', '', 1)
INSERT INTO [dbo].[un_co_dept_template_items]([item_id], [co_id], [dept_id], [section_id], [doc_id], [item_type], [item_name], [item_desc], [item_index]) VALUES (71, 1, 1, 5, 16, 1, 'Operatives ', '', 1)
INSERT INTO [dbo].[un_co_dept_template_items]([item_id], [co_id], [dept_id], [section_id], [doc_id], [item_type], [item_name], [item_desc], [item_index]) VALUES (72, 1, 1, 6, 16, 1, '6 hrs per day of work, including breaks', '', 1)
INSERT INTO [dbo].[un_co_dept_template_items]([item_id], [co_id], [dept_id], [section_id], [doc_id], [item_type], [item_name], [item_desc], [item_index]) VALUES (73, 1, 1, 7, 16, 1, '1.	Ensure materials are handled as far as possible by machine', '', 1)
INSERT INTO [dbo].[un_co_dept_template_items]([item_id], [co_id], [dept_id], [section_id], [doc_id], [item_type], [item_name], [item_desc], [item_index]) VALUES (74, 1, 1, 7, 16, 1, '2.	Sufficient labour to be made available for awkward or heavy loads', '', 2)
INSERT INTO [dbo].[un_co_dept_template_items]([item_id], [co_id], [dept_id], [section_id], [doc_id], [item_type], [item_name], [item_desc], [item_index]) VALUES (75, 1, 1, 7, 16, 1, '3.	All operatives to receive manual handling training', '', 3)
INSERT INTO [dbo].[un_co_dept_template_items]([item_id], [co_id], [dept_id], [section_id], [doc_id], [item_type], [item_name], [item_desc], [item_index]) VALUES (76, 1, 1, 7, 16, 1, '4.	Safety footwear to be worn at all times', '', 4)
INSERT INTO [dbo].[un_co_dept_template_items]([item_id], [co_id], [dept_id], [section_id], [doc_id], [item_type], [item_name], [item_desc], [item_index]) VALUES (77, 1, 1, 8, 16, 1, 'Med', '', 1)
INSERT INTO [dbo].[un_co_dept_template_items]([item_id], [co_id], [dept_id], [section_id], [doc_id], [item_type], [item_name], [item_desc], [item_index]) VALUES (78, 1, 1, 9, 16, 1, '7', '', 1)
INSERT INTO [dbo].[un_co_dept_template_items]([item_id], [co_id], [dept_id], [section_id], [doc_id], [item_type], [item_name], [item_desc], [item_index]) VALUES (79, 1, 1, 10, 16, 1, '4', '', 1)
INSERT INTO [dbo].[un_co_dept_template_items]([item_id], [co_id], [dept_id], [section_id], [doc_id], [item_type], [item_name], [item_desc], [item_index]) VALUES (80, 1, 1, 11, 16, 1, '1.	Task, load, working environment and the individuals capabilities to be assessed prior to manual handling operations', '', 1)
INSERT INTO [dbo].[un_co_dept_template_items]([item_id], [co_id], [dept_id], [section_id], [doc_id], [item_type], [item_name], [item_desc], [item_index]) VALUES (81, 1, 1, 12, 16, 1, 'IMMEDIATE', '', 1)
INSERT INTO [dbo].[un_co_dept_template_items]([item_id], [co_id], [dept_id], [section_id], [doc_id], [item_type], [item_name], [item_desc], [item_index]) VALUES (82, 1, 1, 4, 16, 1, '2.	Hernias', '', 2)
INSERT INTO [dbo].[un_co_dept_template_items]([item_id], [co_id], [dept_id], [section_id], [doc_id], [item_type], [item_name], [item_desc], [item_index]) VALUES (83, 1, 1, 4, 16, 1, '3.	Lacerations, crushing of hands or fingers', '', 3)
INSERT INTO [dbo].[un_co_dept_template_items]([item_id], [co_id], [dept_id], [section_id], [doc_id], [item_type], [item_name], [item_desc], [item_index]) VALUES (84, 1, 1, 4, 16, 1, '4.	Tenosynovitis', '', 4)
INSERT INTO [dbo].[un_co_dept_template_items]([item_id], [co_id], [dept_id], [section_id], [doc_id], [item_type], [item_name], [item_desc], [item_index]) VALUES (85, 1, 1, 4, 16, 1, '5.	Bruised or broken toes or feet', '', 5)
INSERT INTO [dbo].[un_co_dept_template_items]([item_id], [co_id], [dept_id], [section_id], [doc_id], [item_type], [item_name], [item_desc], [item_index]) VALUES (86, 1, 1, 4, 16, 1, '6.	Various sprains, strains etc.', '', 6)
INSERT INTO [dbo].[un_co_dept_template_items]([item_id], [co_id], [dept_id], [section_id], [doc_id], [item_type], [item_name], [item_desc], [item_index]) VALUES (87, 1, 1, 7, 16, 1, '5.	Suitable gloves to be worn when handling sharp/abrasive loads', '', 5)
INSERT INTO [dbo].[un_co_dept_template_items]([item_id], [co_id], [dept_id], [section_id], [doc_id], [item_type], [item_name], [item_desc], [item_index]) VALUES (88, 1, 1, 7, 16, 1, '6.	Ensure correct PPE is worn at all times', '', 6)
INSERT INTO [dbo].[un_co_dept_template_items]([item_id], [co_id], [dept_id], [section_id], [doc_id], [item_type], [item_name], [item_desc], [item_index]) VALUES (89, 1, 1, 11, 16, 1, '2.	Supervision to ensure that precautions are taken and control measures followed', '', 2)
INSERT INTO [dbo].[un_co_dept_template_items]([item_id], [co_id], [dept_id], [section_id], [doc_id], [item_type], [item_name], [item_desc], [item_index]) VALUES (90, 1, 1, 11, 16, 1, '3.	Audit accident statistics to see if any trends exist on specific tasks regularly', '', 3)
INSERT INTO [dbo].[un_co_dept_template_items]([item_id], [co_id], [dept_id], [section_id], [doc_id], [item_type], [item_name], [item_desc], [item_index]) VALUES (91, 1, 1, 2, 15, 1, 'Use of Portable Electrical Equipment 110 volts or less', '', 1)
INSERT INTO [dbo].[un_co_dept_template_items]([item_id], [co_id], [dept_id], [section_id], [doc_id], [item_type], [item_name], [item_desc], [item_index]) VALUES (92, 1, 1, 3, 15, 1, 'Health and Safety at Work etc. Act 1974', '', 1)
INSERT INTO [dbo].[un_co_dept_template_items]([item_id], [co_id], [dept_id], [section_id], [doc_id], [item_type], [item_name], [item_desc], [item_index]) VALUES (93, 1, 1, 3, 15, 1, 'Provision and Use of Work Equipment Regulations 1998', '', 2)
INSERT INTO [dbo].[un_co_dept_template_items]([item_id], [co_id], [dept_id], [section_id], [doc_id], [item_type], [item_name], [item_desc], [item_index]) VALUES (94, 1, 1, 4, 15, 1, '1.	Electrocution', '', 1)
INSERT INTO [dbo].[un_co_dept_template_items]([item_id], [co_id], [dept_id], [section_id], [doc_id], [item_type], [item_name], [item_desc], [item_index]) VALUES (95, 1, 1, 5, 15, 1, 'Operatives ', '', 1)
INSERT INTO [dbo].[un_co_dept_template_items]([item_id], [co_id], [dept_id], [section_id], [doc_id], [item_type], [item_name], [item_desc], [item_index]) VALUES (96, 1, 1, 6, 15, 1, 'Infrequent', '', 1)
INSERT INTO [dbo].[un_co_dept_template_items]([item_id], [co_id], [dept_id], [section_id], [doc_id], [item_type], [item_name], [item_desc], [item_index]) VALUES (97, 1, 1, 7, 15, 1, '1.	Equipment to be fit for purpose with regard to voltage, power and environmental conditions', '', 1)
INSERT INTO [dbo].[un_co_dept_template_items]([item_id], [co_id], [dept_id], [section_id], [doc_id], [item_type], [item_name], [item_desc], [item_index]) VALUES (98, 1, 1, 7, 15, 1, '2.	Visual inspection of equipment to be carried out prior to use', '', 2)
INSERT INTO [dbo].[un_co_dept_template_items]([item_id], [co_id], [dept_id], [section_id], [doc_id], [item_type], [item_name], [item_desc], [item_index]) VALUES (99, 1, 1, 7, 15, 1, '3.	Equipment to be regularly examined and tested (P.A.T.) and documents kept of examination', '', 3)
INSERT INTO [dbo].[un_co_dept_template_items]([item_id], [co_id], [dept_id], [section_id], [doc_id], [item_type], [item_name], [item_desc], [item_index]) VALUES (100, 1, 1, 7, 15, 1, '4.	Where possible the use of battery operated equipment is to be encouraged', '', 4)
INSERT INTO [dbo].[un_co_dept_template_items]([item_id], [co_id], [dept_id], [section_id], [doc_id], [item_type], [item_name], [item_desc], [item_index]) VALUES (101, 1, 1, 8, 15, 1, 'Med', '', 1)
INSERT INTO [dbo].[un_co_dept_template_items]([item_id], [co_id], [dept_id], [section_id], [doc_id], [item_type], [item_name], [item_desc], [item_index]) VALUES (102, 1, 1, 9, 15, 1, '2', '', 1)
INSERT INTO [dbo].[un_co_dept_template_items]([item_id], [co_id], [dept_id], [section_id], [doc_id], [item_type], [item_name], [item_desc], [item_index]) VALUES (103, 1, 1, 10, 15, 1, '9', '', 1)
INSERT INTO [dbo].[un_co_dept_template_items]([item_id], [co_id], [dept_id], [section_id], [doc_id], [item_type], [item_name], [item_desc], [item_index]) VALUES (104, 1, 1, 11, 15, 1, '1.	Training to be provided for supervisors and operatives involved in working portable electric equipment', '', 1)
INSERT INTO [dbo].[un_co_dept_template_items]([item_id], [co_id], [dept_id], [section_id], [doc_id], [item_type], [item_name], [item_desc], [item_index]) VALUES (105, 1, 1, 12, 15, 1, 'IMMEDIATE', '', 1)
INSERT INTO [dbo].[un_co_dept_template_items]([item_id], [co_id], [dept_id], [section_id], [doc_id], [item_type], [item_name], [item_desc], [item_index]) VALUES (106, 1, 1, 4, 15, 1, '2.	Fire', '', 2)
INSERT INTO [dbo].[un_co_dept_template_items]([item_id], [co_id], [dept_id], [section_id], [doc_id], [item_type], [item_name], [item_desc], [item_index]) VALUES (107, 1, 1, 4, 15, 1, '3.	Damage to equipment/property', '', 3)
INSERT INTO [dbo].[un_co_dept_template_items]([item_id], [co_id], [dept_id], [section_id], [doc_id], [item_type], [item_name], [item_desc], [item_index]) VALUES (111, 1, 1, 7, 15, 1, '5.	Avoid damp or humid conditions', '', 5)
INSERT INTO [dbo].[un_co_dept_template_items]([item_id], [co_id], [dept_id], [section_id], [doc_id], [item_type], [item_name], [item_desc], [item_index]) VALUES (112, 1, 1, 7, 15, 1, '6.	Avoid use of operatives personal tools which are not covered in company procedures', '', 6)
INSERT INTO [dbo].[un_co_dept_template_items]([item_id], [co_id], [dept_id], [section_id], [doc_id], [item_type], [item_name], [item_desc], [item_index]) VALUES (113, 1, 1, 11, 15, 1, '2.	 Supervision to ensure that precautions are taken and method statement followed', '', 2)
INSERT INTO [dbo].[un_co_dept_template_items]([item_id], [co_id], [dept_id], [section_id], [doc_id], [item_type], [item_name], [item_desc], [item_index]) VALUES (114, 1, 1, 11, 15, 1, '3.	Include information in regular toolbox talks', '', 3)
INSERT INTO [dbo].[un_co_dept_template_items]([item_id], [co_id], [dept_id], [section_id], [doc_id], [item_type], [item_name], [item_desc], [item_index]) VALUES (115, 1, 1, 7, 15, 1, '7.	Site first aiders to receive training in electric shock treatment', '', 7)
INSERT INTO [dbo].[un_co_dept_template_items]([item_id], [co_id], [dept_id], [section_id], [doc_id], [item_type], [item_name], [item_desc], [item_index]) VALUES (116, 1, 1, 3, 15, 1, 'Electricity at Work Regulations 1989', '', 3)
INSERT INTO [dbo].[un_co_dept_template_items]([item_id], [co_id], [dept_id], [section_id], [doc_id], [item_type], [item_name], [item_desc], [item_index]) VALUES (117, 1, 1, 2, 17, 1, 'General working at height', '', 1)
INSERT INTO [dbo].[un_co_dept_template_items]([item_id], [co_id], [dept_id], [section_id], [doc_id], [item_type], [item_name], [item_desc], [item_index]) VALUES (127, 1, 1, 3, 17, 1, 'Management of Health and Safety at Work', '', 1)
INSERT INTO [dbo].[un_co_dept_template_items]([item_id], [co_id], [dept_id], [section_id], [doc_id], [item_type], [item_name], [item_desc], [item_index]) VALUES (128, 1, 1, 3, 17, 1, 'Health and Safety at Work etc. Act 1974', '', 2)
INSERT INTO [dbo].[un_co_dept_template_items]([item_id], [co_id], [dept_id], [section_id], [doc_id], [item_type], [item_name], [item_desc], [item_index]) VALUES (129, 1, 1, 3, 17, 1, 'Working at Height Regulations 2005', '', 3)
INSERT INTO [dbo].[un_co_dept_template_items]([item_id], [co_id], [dept_id], [section_id], [doc_id], [item_type], [item_name], [item_desc], [item_index]) VALUES (130, 1, 1, 3, 17, 1, 'Kier Red Top – Relating to working at height', '', 4)
INSERT INTO [dbo].[un_co_dept_template_items]([item_id], [co_id], [dept_id], [section_id], [doc_id], [item_type], [item_name], [item_desc], [item_index]) VALUES (131, 1, 1, 4, 17, 1, '1.	Falls from plant / access equipment', '', 1)
INSERT INTO [dbo].[un_co_dept_template_items]([item_id], [co_id], [dept_id], [section_id], [doc_id], [item_type], [item_name], [item_desc], [item_index]) VALUES (132, 1, 1, 4, 17, 1, '2.	Unsuitable base e.g. unlevelled, loose materials etc.', '', 2)
INSERT INTO [dbo].[un_co_dept_template_items]([item_id], [co_id], [dept_id], [section_id], [doc_id], [item_type], [item_name], [item_desc], [item_index]) VALUES (133, 1, 1, 4, 17, 1, '3.	Unsafe use of equipment', '', 3)
INSERT INTO [dbo].[un_co_dept_template_items]([item_id], [co_id], [dept_id], [section_id], [doc_id], [item_type], [item_name], [item_desc], [item_index]) VALUES (134, 1, 1, 4, 17, 1, '4.	Overloading', '', 4)
INSERT INTO [dbo].[un_co_dept_template_items]([item_id], [co_id], [dept_id], [section_id], [doc_id], [item_type], [item_name], [item_desc], [item_index]) VALUES (135, 1, 1, 4, 17, 1, '5.	Use of equipment where safer method should be provided', '', 5)
INSERT INTO [dbo].[un_co_dept_template_items]([item_id], [co_id], [dept_id], [section_id], [doc_id], [item_type], [item_name], [item_desc], [item_index]) VALUES (136, 1, 1, 4, 17, 1, '6.	Use of defective equipment', '', 6)
INSERT INTO [dbo].[un_co_dept_template_items]([item_id], [co_id], [dept_id], [section_id], [doc_id], [item_type], [item_name], [item_desc], [item_index]) VALUES (137, 1, 1, 5, 17, 1, 'Operatives and Third Parties', '', 1)
INSERT INTO [dbo].[un_co_dept_template_items]([item_id], [co_id], [dept_id], [section_id], [doc_id], [item_type], [item_name], [item_desc], [item_index]) VALUES (138, 1, 1, 6, 17, 1, 'Infrequent', '', 1)
INSERT INTO [dbo].[un_co_dept_template_items]([item_id], [co_id], [dept_id], [section_id], [doc_id], [item_type], [item_name], [item_desc], [item_index]) VALUES (139, 1, 1, 7, 17, 1, '1.	Ensure access equipment chosen has taken into account e.g. task and the working environment- Hierarchy of control', '', 1)
INSERT INTO [dbo].[un_co_dept_template_items]([item_id], [co_id], [dept_id], [section_id], [doc_id], [item_type], [item_name], [item_desc], [item_index]) VALUES (140, 1, 1, 7, 17, 1, '2.	Enforce good housekeeping principles', '', 2)
INSERT INTO [dbo].[un_co_dept_template_items]([item_id], [co_id], [dept_id], [section_id], [doc_id], [item_type], [item_name], [item_desc], [item_index]) VALUES (141, 1, 1, 7, 17, 1, '3.	Familiarisation training by operatives on the different types of access equipment', '', 3)
INSERT INTO [dbo].[un_co_dept_template_items]([item_id], [co_id], [dept_id], [section_id], [doc_id], [item_type], [item_name], [item_desc], [item_index]) VALUES (142, 1, 1, 7, 17, 1, '4.	Ensure visual checks of equipment before use', '', 4)
INSERT INTO [dbo].[un_co_dept_template_items]([item_id], [co_id], [dept_id], [section_id], [doc_id], [item_type], [item_name], [item_desc], [item_index]) VALUES (143, 1, 1, 7, 17, 1, '5.	Ensure correct PPE is worn at all times', '', 5)
INSERT INTO [dbo].[un_co_dept_template_items]([item_id], [co_id], [dept_id], [section_id], [doc_id], [item_type], [item_name], [item_desc], [item_index]) VALUES (144, 1, 1, 7, 17, 1, '6.	Reference Kier Red Tops', '', 6)
INSERT INTO [dbo].[un_co_dept_template_items]([item_id], [co_id], [dept_id], [section_id], [doc_id], [item_type], [item_name], [item_desc], [item_index]) VALUES (145, 1, 1, 8, 17, 1, 'Low', '', 1)
INSERT INTO [dbo].[un_co_dept_template_items]([item_id], [co_id], [dept_id], [section_id], [doc_id], [item_type], [item_name], [item_desc], [item_index]) VALUES (146, 1, 1, 9, 17, 1, '3', '', 1)
INSERT INTO [dbo].[un_co_dept_template_items]([item_id], [co_id], [dept_id], [section_id], [doc_id], [item_type], [item_name], [item_desc], [item_index]) VALUES (147, 1, 1, 10, 17, 1, '3', '', 1)
INSERT INTO [dbo].[un_co_dept_template_items]([item_id], [co_id], [dept_id], [section_id], [doc_id], [item_type], [item_name], [item_desc], [item_index]) VALUES (148, 1, 1, 11, 17, 1, '1.	Include in general tool box talks', '', 1)
INSERT INTO [dbo].[un_co_dept_template_items]([item_id], [co_id], [dept_id], [section_id], [doc_id], [item_type], [item_name], [item_desc], [item_index]) VALUES (149, 1, 1, 11, 17, 1, '2.	Access equipment to be periodically examined and records kept', '', 2)
INSERT INTO [dbo].[un_co_dept_template_items]([item_id], [co_id], [dept_id], [section_id], [doc_id], [item_type], [item_name], [item_desc], [item_index]) VALUES (150, 1, 1, 11, 17, 1, '3.	Supervision to ensure that precautions are taken and control measures are followed', '', 3)
INSERT INTO [dbo].[un_co_dept_template_items]([item_id], [co_id], [dept_id], [section_id], [doc_id], [item_type], [item_name], [item_desc], [item_index]) VALUES (151, 1, 1, 12, 17, 1, 'IMMEDIATE', '', 1)
INSERT INTO [dbo].[un_co_dept_template_items]([item_id], [co_id], [dept_id], [section_id], [doc_id], [item_type], [item_name], [item_desc], [item_index]) VALUES (152, 1, 1, 2, 18, 1, 'Stripping Out', '', 1)
INSERT INTO [dbo].[un_co_dept_template_items]([item_id], [co_id], [dept_id], [section_id], [doc_id], [item_type], [item_name], [item_desc], [item_index]) VALUES (153, 1, 1, 3, 18, 1, 'Health and Safety at Work etc. Act 1974', '', 1)
INSERT INTO [dbo].[un_co_dept_template_items]([item_id], [co_id], [dept_id], [section_id], [doc_id], [item_type], [item_name], [item_desc], [item_index]) VALUES (154, 1, 1, 3, 18, 1, 'Management of Health and Safety at Work', '', 2)
INSERT INTO [dbo].[un_co_dept_template_items]([item_id], [co_id], [dept_id], [section_id], [doc_id], [item_type], [item_name], [item_desc], [item_index]) VALUES (155, 1, 1, 4, 18, 1, '1.	Fall of materials/equipment tools', '', 1)
INSERT INTO [dbo].[un_co_dept_template_items]([item_id], [co_id], [dept_id], [section_id], [doc_id], [item_type], [item_name], [item_desc], [item_index]) VALUES (156, 1, 1, 4, 18, 1, '2.	Manual handing related injuries', '', 2)
INSERT INTO [dbo].[un_co_dept_template_items]([item_id], [co_id], [dept_id], [section_id], [doc_id], [item_type], [item_name], [item_desc], [item_index]) VALUES (157, 1, 1, 4, 18, 1, '3.	Contact with hidden services', '', 3)
INSERT INTO [dbo].[un_co_dept_template_items]([item_id], [co_id], [dept_id], [section_id], [doc_id], [item_type], [item_name], [item_desc], [item_index]) VALUES (158, 1, 1, 4, 18, 1, '4.	Segregation of works', '', 4)
INSERT INTO [dbo].[un_co_dept_template_items]([item_id], [co_id], [dept_id], [section_id], [doc_id], [item_type], [item_name], [item_desc], [item_index]) VALUES (159, 1, 1, 4, 18, 1, '5.	Asbestos', '', 5)
INSERT INTO [dbo].[un_co_dept_template_items]([item_id], [co_id], [dept_id], [section_id], [doc_id], [item_type], [item_name], [item_desc], [item_index]) VALUES (160, 1, 1, 4, 18, 1, '6.	Occupied premises', '', 6)
INSERT INTO [dbo].[un_co_dept_template_items]([item_id], [co_id], [dept_id], [section_id], [doc_id], [item_type], [item_name], [item_desc], [item_index]) VALUES (161, 1, 1, 4, 18, 1, '7.	Dust control', '', 7)
INSERT INTO [dbo].[un_co_dept_template_items]([item_id], [co_id], [dept_id], [section_id], [doc_id], [item_type], [item_name], [item_desc], [item_index]) VALUES (162, 1, 1, 5, 18, 1, 'Operatives and Third Parties', '', 1)
INSERT INTO [dbo].[un_co_dept_template_items]([item_id], [co_id], [dept_id], [section_id], [doc_id], [item_type], [item_name], [item_desc], [item_index]) VALUES (163, 1, 1, 6, 18, 1, 'Infrequent', '', 1)
INSERT INTO [dbo].[un_co_dept_template_items]([item_id], [co_id], [dept_id], [section_id], [doc_id], [item_type], [item_name], [item_desc], [item_index]) VALUES (164, 1, 1, 7, 18, 1, '1.	Ensure manual handling procedures are followed.', '', 1)
INSERT INTO [dbo].[un_co_dept_template_items]([item_id], [co_id], [dept_id], [section_id], [doc_id], [item_type], [item_name], [item_desc], [item_index]) VALUES (165, 1, 1, 7, 18, 1, '2.	Services will be terminated/isolated prior to commencing works - physical', '', 2)
INSERT INTO [dbo].[un_co_dept_template_items]([item_id], [co_id], [dept_id], [section_id], [doc_id], [item_type], [item_name], [item_desc], [item_index]) VALUES (166, 1, 1, 7, 18, 1, '3.	Demolition tools to be inspected prior to use', '', 3)
INSERT INTO [dbo].[un_co_dept_template_items]([item_id], [co_id], [dept_id], [section_id], [doc_id], [item_type], [item_name], [item_desc], [item_index]) VALUES (167, 1, 1, 7, 18, 1, '4.	Ensure correct PPE is worn at all times', '', 4)
INSERT INTO [dbo].[un_co_dept_template_items]([item_id], [co_id], [dept_id], [section_id], [doc_id], [item_type], [item_name], [item_desc], [item_index]) VALUES (168, 1, 1, 8, 18, 1, 'Low', '', 1)
INSERT INTO [dbo].[un_co_dept_template_items]([item_id], [co_id], [dept_id], [section_id], [doc_id], [item_type], [item_name], [item_desc], [item_index]) VALUES (169, 1, 1, 9, 18, 1, '3', '', 1)
INSERT INTO [dbo].[un_co_dept_template_items]([item_id], [co_id], [dept_id], [section_id], [doc_id], [item_type], [item_name], [item_desc], [item_index]) VALUES (170, 1, 1, 10, 18, 1, '3', '', 1)
INSERT INTO [dbo].[un_co_dept_template_items]([item_id], [co_id], [dept_id], [section_id], [doc_id], [item_type], [item_name], [item_desc], [item_index]) VALUES (171, 1, 1, 11, 18, 1, '1.	Include in general tool box talks', '', 1)
INSERT INTO [dbo].[un_co_dept_template_items]([item_id], [co_id], [dept_id], [section_id], [doc_id], [item_type], [item_name], [item_desc], [item_index]) VALUES (172, 1, 1, 11, 18, 1, '2.	Supervision to ensure that precautions are taken and control measures are followed', '', 2)
INSERT INTO [dbo].[un_co_dept_template_items]([item_id], [co_id], [dept_id], [section_id], [doc_id], [item_type], [item_name], [item_desc], [item_index]) VALUES (173, 1, 1, 12, 18, 1, 'IMMEDIATE', '', 1)
INSERT INTO [dbo].[un_co_dept_template_items]([item_id], [co_id], [dept_id], [section_id], [doc_id], [item_type], [item_name], [item_desc], [item_index]) VALUES (174, 1, 1, 2, 19, 1, 'General Electrics', '', 1)
INSERT INTO [dbo].[un_co_dept_template_items]([item_id], [co_id], [dept_id], [section_id], [doc_id], [item_type], [item_name], [item_desc], [item_index]) VALUES (175, 1, 1, 3, 19, 1, 'Health and Safety at Work etc. Act 1974', '', 1)
INSERT INTO [dbo].[un_co_dept_template_items]([item_id], [co_id], [dept_id], [section_id], [doc_id], [item_type], [item_name], [item_desc], [item_index]) VALUES (176, 1, 1, 3, 19, 1, 'Electricity at Work 1989', '', 2)
INSERT INTO [dbo].[un_co_dept_template_items]([item_id], [co_id], [dept_id], [section_id], [doc_id], [item_type], [item_name], [item_desc], [item_index]) VALUES (177, 1, 1, 3, 19, 1, 'British Standards ', '', 3)
INSERT INTO [dbo].[un_co_dept_template_items]([item_id], [co_id], [dept_id], [section_id], [doc_id], [item_type], [item_name], [item_desc], [item_index]) VALUES (178, 1, 1, 3, 19, 1, 'Building Regulations ( Part ‘P’ )', '', 4)
INSERT INTO [dbo].[un_co_dept_template_items]([item_id], [co_id], [dept_id], [section_id], [doc_id], [item_type], [item_name], [item_desc], [item_index]) VALUES (179, 1, 1, 4, 19, 1, '1.	Electrocution', '', 1)
INSERT INTO [dbo].[un_co_dept_template_items]([item_id], [co_id], [dept_id], [section_id], [doc_id], [item_type], [item_name], [item_desc], [item_index]) VALUES (180, 1, 1, 4, 19, 1, '2.	Asbestos', '', 2)
INSERT INTO [dbo].[un_co_dept_template_items]([item_id], [co_id], [dept_id], [section_id], [doc_id], [item_type], [item_name], [item_desc], [item_index]) VALUES (181, 1, 1, 4, 19, 1, '3.	Overloading of circuit', '', 3)
INSERT INTO [dbo].[un_co_dept_template_items]([item_id], [co_id], [dept_id], [section_id], [doc_id], [item_type], [item_name], [item_desc], [item_index]) VALUES (182, 1, 1, 4, 19, 1, '4.	Fire', '', 4)
INSERT INTO [dbo].[un_co_dept_template_items]([item_id], [co_id], [dept_id], [section_id], [doc_id], [item_type], [item_name], [item_desc], [item_index]) VALUES (183, 1, 1, 4, 19, 1, '5.	Damage to cabling', '', 5)
INSERT INTO [dbo].[un_co_dept_template_items]([item_id], [co_id], [dept_id], [section_id], [doc_id], [item_type], [item_name], [item_desc], [item_index]) VALUES (184, 1, 1, 4, 19, 1, '6.	Interaction with Tenants', '', 6)
INSERT INTO [dbo].[un_co_dept_template_items]([item_id], [co_id], [dept_id], [section_id], [doc_id], [item_type], [item_name], [item_desc], [item_index]) VALUES (185, 1, 1, 5, 19, 1, 'Operatives and Tenants', '', 1)
INSERT INTO [dbo].[un_co_dept_template_items]([item_id], [co_id], [dept_id], [section_id], [doc_id], [item_type], [item_name], [item_desc], [item_index]) VALUES (186, 1, 1, 6, 19, 1, 'Infrequent', '', 1)
INSERT INTO [dbo].[un_co_dept_template_items]([item_id], [co_id], [dept_id], [section_id], [doc_id], [item_type], [item_name], [item_desc], [item_index]) VALUES (187, 1, 1, 7, 19, 1, '1.	Ensure workforce are competent and trained to current industry standards', '', 1)
INSERT INTO [dbo].[un_co_dept_template_items]([item_id], [co_id], [dept_id], [section_id], [doc_id], [item_type], [item_name], [item_desc], [item_index]) VALUES (188, 1, 1, 7, 19, 1, '2.	Contractor to review potential for asbestos contamination / interaction prior to commencement of works. Seek information from main Client.', '', 2)
INSERT INTO [dbo].[un_co_dept_template_items]([item_id], [co_id], [dept_id], [section_id], [doc_id], [item_type], [item_name], [item_desc], [item_index]) VALUES (189, 1, 1, 7, 19, 1, '3.	Works to be in line with current building regulations and statutory requirements', '', 3)
INSERT INTO [dbo].[un_co_dept_template_items]([item_id], [co_id], [dept_id], [section_id], [doc_id], [item_type], [item_name], [item_desc], [item_index]) VALUES (190, 1, 1, 7, 19, 1, '4.	RCD’s to be installed on all electrical systems to prevent overloading and potential for fire.', '', 4)
INSERT INTO [dbo].[un_co_dept_template_items]([item_id], [co_id], [dept_id], [section_id], [doc_id], [item_type], [item_name], [item_desc], [item_index]) VALUES (191, 1, 1, 7, 19, 1, '5.	Cabling to be installed , clipped and placed to prevent so far as practicable damage to cabling.', '', 5)
INSERT INTO [dbo].[un_co_dept_template_items]([item_id], [co_id], [dept_id], [section_id], [doc_id], [item_type], [item_name], [item_desc], [item_index]) VALUES (192, 1, 1, 7, 19, 1, '6.	Where at all possible works to be undertaken when tenants / children are not in attendance given the risk profile of the works', '', 6)
INSERT INTO [dbo].[un_co_dept_template_items]([item_id], [co_id], [dept_id], [section_id], [doc_id], [item_type], [item_name], [item_desc], [item_index]) VALUES (193, 1, 1, 7, 19, 1, '7.	Certification of system prior to ‘handover’ to Client s representative.', '', 7)
INSERT INTO [dbo].[un_co_dept_template_items]([item_id], [co_id], [dept_id], [section_id], [doc_id], [item_type], [item_name], [item_desc], [item_index]) VALUES (194, 1, 1, 7, 19, 1, '8.	Ensure correct PPE is worn at all times', '', 8)
INSERT INTO [dbo].[un_co_dept_template_items]([item_id], [co_id], [dept_id], [section_id], [doc_id], [item_type], [item_name], [item_desc], [item_index]) VALUES (195, 1, 1, 8, 19, 1, ' Low', '', 1)
INSERT INTO [dbo].[un_co_dept_template_items]([item_id], [co_id], [dept_id], [section_id], [doc_id], [item_type], [item_name], [item_desc], [item_index]) VALUES (196, 1, 1, 9, 19, 1, '3', '', 1)
INSERT INTO [dbo].[un_co_dept_template_items]([item_id], [co_id], [dept_id], [section_id], [doc_id], [item_type], [item_name], [item_desc], [item_index]) VALUES (197, 1, 1, 10, 19, 1, '3', '', 1)
INSERT INTO [dbo].[un_co_dept_template_items]([item_id], [co_id], [dept_id], [section_id], [doc_id], [item_type], [item_name], [item_desc], [item_index]) VALUES (198, 1, 1, 11, 19, 1, '1.	Tools / equipment to be inspected and placed upon planned programme.', '', 1)
INSERT INTO [dbo].[un_co_dept_template_items]([item_id], [co_id], [dept_id], [section_id], [doc_id], [item_type], [item_name], [item_desc], [item_index]) VALUES (199, 1, 1, 11, 19, 1, '2.	Supervision to ensure that precautions are taken and control measures are followed', '', 2)
INSERT INTO [dbo].[un_co_dept_template_items]([item_id], [co_id], [dept_id], [section_id], [doc_id], [item_type], [item_name], [item_desc], [item_index]) VALUES (200, 1, 1, 12, 19, 1, 'IMMEDIATE', '', 1)
INSERT INTO [dbo].[un_co_dept_template_items]([item_id], [co_id], [dept_id], [section_id], [doc_id], [item_type], [item_name], [item_desc], [item_index]) VALUES (201, 1, 1, 2, 20, 1, 'General Plumbing', '', 1)
INSERT INTO [dbo].[un_co_dept_template_items]([item_id], [co_id], [dept_id], [section_id], [doc_id], [item_type], [item_name], [item_desc], [item_index]) VALUES (202, 1, 1, 3, 20, 1, 'Health and Safety at Work etc. Act 1974', '', 1)
INSERT INTO [dbo].[un_co_dept_template_items]([item_id], [co_id], [dept_id], [section_id], [doc_id], [item_type], [item_name], [item_desc], [item_index]) VALUES (203, 1, 1, 3, 20, 1, 'British Standards ', '', 2)
INSERT INTO [dbo].[un_co_dept_template_items]([item_id], [co_id], [dept_id], [section_id], [doc_id], [item_type], [item_name], [item_desc], [item_index]) VALUES (204, 1, 1, 3, 20, 1, 'Building Regulations ', '', 3)
INSERT INTO [dbo].[un_co_dept_template_items]([item_id], [co_id], [dept_id], [section_id], [doc_id], [item_type], [item_name], [item_desc], [item_index]) VALUES (205, 1, 1, 4, 20, 1, '1.	Asbestos', '', 1)
INSERT INTO [dbo].[un_co_dept_template_items]([item_id], [co_id], [dept_id], [section_id], [doc_id], [item_type], [item_name], [item_desc], [item_index]) VALUES (206, 1, 1, 4, 20, 1, '2.	Water contamination', '', 2)
INSERT INTO [dbo].[un_co_dept_template_items]([item_id], [co_id], [dept_id], [section_id], [doc_id], [item_type], [item_name], [item_desc], [item_index]) VALUES (207, 1, 1, 4, 20, 1, '3.	Fire', '', 3)
INSERT INTO [dbo].[un_co_dept_template_items]([item_id], [co_id], [dept_id], [section_id], [doc_id], [item_type], [item_name], [item_desc], [item_index]) VALUES (208, 1, 1, 4, 20, 1, '4.	Manual handling', '', 4)
INSERT INTO [dbo].[un_co_dept_template_items]([item_id], [co_id], [dept_id], [section_id], [doc_id], [item_type], [item_name], [item_desc], [item_index]) VALUES (209, 1, 1, 4, 20, 1, '5.	Interaction with Tenants', '', 5)
INSERT INTO [dbo].[un_co_dept_template_items]([item_id], [co_id], [dept_id], [section_id], [doc_id], [item_type], [item_name], [item_desc], [item_index]) VALUES (210, 1, 1, 4, 20, 1, '6.	Environmental Hazards', '', 6)
INSERT INTO [dbo].[un_co_dept_template_items]([item_id], [co_id], [dept_id], [section_id], [doc_id], [item_type], [item_name], [item_desc], [item_index]) VALUES (211, 1, 1, 4, 20, 1, '7.	Lead pipes', '', 7)
INSERT INTO [dbo].[un_co_dept_template_items]([item_id], [co_id], [dept_id], [section_id], [doc_id], [item_type], [item_name], [item_desc], [item_index]) VALUES (212, 1, 1, 5, 20, 1, 'Operatives and Tenants', '', 1)
INSERT INTO [dbo].[un_co_dept_template_items]([item_id], [co_id], [dept_id], [section_id], [doc_id], [item_type], [item_name], [item_desc], [item_index]) VALUES (213, 1, 1, 6, 20, 1, 'Infrequent', '', 1)
INSERT INTO [dbo].[un_co_dept_template_items]([item_id], [co_id], [dept_id], [section_id], [doc_id], [item_type], [item_name], [item_desc], [item_index]) VALUES (214, 1, 1, 7, 20, 1, '1.	Ensure workforce are competent and trained to current industry standards', '', 1)
INSERT INTO [dbo].[un_co_dept_template_items]([item_id], [co_id], [dept_id], [section_id], [doc_id], [item_type], [item_name], [item_desc], [item_index]) VALUES (215, 1, 1, 7, 20, 1, '2.	Contractor to review potential for asbestos contamination / interaction prior to commencement of works. Seek information from main Client.', '', 2)
INSERT INTO [dbo].[un_co_dept_template_items]([item_id], [co_id], [dept_id], [section_id], [doc_id], [item_type], [item_name], [item_desc], [item_index]) VALUES (216, 1, 1, 7, 20, 1, '3.	All ‘hot works’ to be subject to a permit regime and have at least a 30 min fire watch subject to the environment. Remote areas i.e. Loft spaces to be considerably more.', '', 3)
INSERT INTO [dbo].[un_co_dept_template_items]([item_id], [co_id], [dept_id], [section_id], [doc_id], [item_type], [item_name], [item_desc], [item_index]) VALUES (217, 1, 1, 7, 20, 1, '4.	Weils disease awareness to be given to all operatives. ', '', 4)
INSERT INTO [dbo].[un_co_dept_template_items]([item_id], [co_id], [dept_id], [section_id], [doc_id], [item_type], [item_name], [item_desc], [item_index]) VALUES (218, 1, 1, 7, 20, 1, '5.	Where at all possible works to be undertaken when tenants / children are not in attendance given the risk profile of the works', '', 5)
INSERT INTO [dbo].[un_co_dept_template_items]([item_id], [co_id], [dept_id], [section_id], [doc_id], [item_type], [item_name], [item_desc], [item_index]) VALUES (219, 1, 1, 7, 20, 1, '6.	Contractor to use good handling techniques.', '', 6)
INSERT INTO [dbo].[un_co_dept_template_items]([item_id], [co_id], [dept_id], [section_id], [doc_id], [item_type], [item_name], [item_desc], [item_index]) VALUES (220, 1, 1, 7, 20, 1, '7.	Certification of system prior to ‘handover’ to Client s representative.', '', 7)
INSERT INTO [dbo].[un_co_dept_template_items]([item_id], [co_id], [dept_id], [section_id], [doc_id], [item_type], [item_name], [item_desc], [item_index]) VALUES (221, 1, 1, 7, 20, 1, '8.	Ensure correct PPE is worn at all times', '', 8)
INSERT INTO [dbo].[un_co_dept_template_items]([item_id], [co_id], [dept_id], [section_id], [doc_id], [item_type], [item_name], [item_desc], [item_index]) VALUES (222, 1, 1, 8, 20, 1, 'Low', '', 1)
INSERT INTO [dbo].[un_co_dept_template_items]([item_id], [co_id], [dept_id], [section_id], [doc_id], [item_type], [item_name], [item_desc], [item_index]) VALUES (223, 1, 1, 9, 20, 1, '3', '', 1)
INSERT INTO [dbo].[un_co_dept_template_items]([item_id], [co_id], [dept_id], [section_id], [doc_id], [item_type], [item_name], [item_desc], [item_index]) VALUES (224, 1, 1, 10, 20, 1, '3', '', 1)
INSERT INTO [dbo].[un_co_dept_template_items]([item_id], [co_id], [dept_id], [section_id], [doc_id], [item_type], [item_name], [item_desc], [item_index]) VALUES (225, 1, 1, 11, 20, 1, '1.	Supervision to ensure that precautions are taken and control measures are followed', '', 1)
INSERT INTO [dbo].[un_co_dept_template_items]([item_id], [co_id], [dept_id], [section_id], [doc_id], [item_type], [item_name], [item_desc], [item_index]) VALUES (226, 1, 1, 11, 20, 1, '2.	Kier Red Tops', '', 2)
INSERT INTO [dbo].[un_co_dept_template_items]([item_id], [co_id], [dept_id], [section_id], [doc_id], [item_type], [item_name], [item_desc], [item_index]) VALUES (227, 1, 1, 12, 20, 1, 'IMMEDIATE', '', 1)
INSERT INTO [dbo].[un_co_dept_template_items]([item_id], [co_id], [dept_id], [section_id], [doc_id], [item_type], [item_name], [item_desc], [item_index]) VALUES (228, 1, 1, 2, 21, 1, 'General Carpentry', '', 1)
INSERT INTO [dbo].[un_co_dept_template_items]([item_id], [co_id], [dept_id], [section_id], [doc_id], [item_type], [item_name], [item_desc], [item_index]) VALUES (229, 1, 1, 3, 21, 1, 'Health and Safety at Work etc. Act 1974', '', 1)
INSERT INTO [dbo].[un_co_dept_template_items]([item_id], [co_id], [dept_id], [section_id], [doc_id], [item_type], [item_name], [item_desc], [item_index]) VALUES (230, 1, 1, 3, 21, 1, 'British Standards ', '', 2)
INSERT INTO [dbo].[un_co_dept_template_items]([item_id], [co_id], [dept_id], [section_id], [doc_id], [item_type], [item_name], [item_desc], [item_index]) VALUES (231, 1, 1, 3, 21, 1, 'Working at height 2005', '', 3)
INSERT INTO [dbo].[un_co_dept_template_items]([item_id], [co_id], [dept_id], [section_id], [doc_id], [item_type], [item_name], [item_desc], [item_index]) VALUES (232, 1, 1, 3, 21, 1, 'Kier Red Tops – Relating to working at height', '', 4)
INSERT INTO [dbo].[un_co_dept_template_items]([item_id], [co_id], [dept_id], [section_id], [doc_id], [item_type], [item_name], [item_desc], [item_index]) VALUES (233, 1, 1, 4, 21, 1, '1.	Manual handling', '', 1)
INSERT INTO [dbo].[un_co_dept_template_items]([item_id], [co_id], [dept_id], [section_id], [doc_id], [item_type], [item_name], [item_desc], [item_index]) VALUES (234, 1, 1, 4, 21, 1, '2.	Working with hand tools', '', 2)
INSERT INTO [dbo].[un_co_dept_template_items]([item_id], [co_id], [dept_id], [section_id], [doc_id], [item_type], [item_name], [item_desc], [item_index]) VALUES (235, 1, 1, 4, 21, 1, '3.	Working with powered tools', '', 3)
INSERT INTO [dbo].[un_co_dept_template_items]([item_id], [co_id], [dept_id], [section_id], [doc_id], [item_type], [item_name], [item_desc], [item_index]) VALUES (236, 1, 1, 4, 21, 1, '4.	Damage to services (gas/electrical/plumbing)', '', 4)
INSERT INTO [dbo].[un_co_dept_template_items]([item_id], [co_id], [dept_id], [section_id], [doc_id], [item_type], [item_name], [item_desc], [item_index]) VALUES (237, 1, 1, 4, 21, 1, '5.	Interaction with Tenants', '', 5)
INSERT INTO [dbo].[un_co_dept_template_items]([item_id], [co_id], [dept_id], [section_id], [doc_id], [item_type], [item_name], [item_desc], [item_index]) VALUES (238, 1, 1, 5, 21, 1, 'Operatives and Tenants', '', 1)
INSERT INTO [dbo].[un_co_dept_template_items]([item_id], [co_id], [dept_id], [section_id], [doc_id], [item_type], [item_name], [item_desc], [item_index]) VALUES (239, 1, 1, 6, 21, 1, 'Infrequent', '', 1)
INSERT INTO [dbo].[un_co_dept_template_items]([item_id], [co_id], [dept_id], [section_id], [doc_id], [item_type], [item_name], [item_desc], [item_index]) VALUES (240, 1, 1, 7, 21, 1, '1.	Ensure workforce are competent and trained to current industry standards', '', 1)
INSERT INTO [dbo].[un_co_dept_template_items]([item_id], [co_id], [dept_id], [section_id], [doc_id], [item_type], [item_name], [item_desc], [item_index]) VALUES (241, 1, 1, 7, 21, 1, '2.	Contractor to use good handling techniques.', '', 2)
INSERT INTO [dbo].[un_co_dept_template_items]([item_id], [co_id], [dept_id], [section_id], [doc_id], [item_type], [item_name], [item_desc], [item_index]) VALUES (242, 1, 1, 7, 21, 1, '3.	Ensure any electrical tools are tested prior to use', '', 3)
INSERT INTO [dbo].[un_co_dept_template_items]([item_id], [co_id], [dept_id], [section_id], [doc_id], [item_type], [item_name], [item_desc], [item_index]) VALUES (243, 1, 1, 7, 21, 1, '4.	Service locations are made aware/use detection tools to discover services', '', 4)
INSERT INTO [dbo].[un_co_dept_template_items]([item_id], [co_id], [dept_id], [section_id], [doc_id], [item_type], [item_name], [item_desc], [item_index]) VALUES (244, 1, 1, 8, 21, 1, 'Low', '', 1)
INSERT INTO [dbo].[un_co_dept_template_items]([item_id], [co_id], [dept_id], [section_id], [doc_id], [item_type], [item_name], [item_desc], [item_index]) VALUES (245, 1, 1, 9, 21, 1, '2', '', 1)
INSERT INTO [dbo].[un_co_dept_template_items]([item_id], [co_id], [dept_id], [section_id], [doc_id], [item_type], [item_name], [item_desc], [item_index]) VALUES (246, 1, 1, 10, 21, 1, '2', '', 1)
INSERT INTO [dbo].[un_co_dept_template_items]([item_id], [co_id], [dept_id], [section_id], [doc_id], [item_type], [item_name], [item_desc], [item_index]) VALUES (247, 1, 1, 11, 21, 1, '1.	Supervision to ensure that precautions are taken and control measures are followed', '', 1)
INSERT INTO [dbo].[un_co_dept_template_items]([item_id], [co_id], [dept_id], [section_id], [doc_id], [item_type], [item_name], [item_desc], [item_index]) VALUES (248, 1, 1, 12, 21, 1, 'IMMEDIATE', '', 1)
INSERT INTO [dbo].[un_co_dept_template_items]([item_id], [co_id], [dept_id], [section_id], [doc_id], [item_type], [item_name], [item_desc], [item_index]) VALUES (249, 1, 1, 2, 22, 1, 'Flooring Work', '', 1)
INSERT INTO [dbo].[un_co_dept_template_items]([item_id], [co_id], [dept_id], [section_id], [doc_id], [item_type], [item_name], [item_desc], [item_index]) VALUES (250, 1, 1, 3, 22, 1, 'Health and Safety at Work etc. Act 1974', '', 1)
INSERT INTO [dbo].[un_co_dept_template_items]([item_id], [co_id], [dept_id], [section_id], [doc_id], [item_type], [item_name], [item_desc], [item_index]) VALUES (251, 1, 1, 3, 22, 1, 'Hot works', '', 2)
INSERT INTO [dbo].[un_co_dept_template_items]([item_id], [co_id], [dept_id], [section_id], [doc_id], [item_type], [item_name], [item_desc], [item_index]) VALUES (252, 1, 1, 4, 22, 1, '1.	Manual handling', '', 1)
INSERT INTO [dbo].[un_co_dept_template_items]([item_id], [co_id], [dept_id], [section_id], [doc_id], [item_type], [item_name], [item_desc], [item_index]) VALUES (253, 1, 1, 4, 22, 1, '2.	Exposure to fumes from flooring adhesive/screed', '', 2)
INSERT INTO [dbo].[un_co_dept_template_items]([item_id], [co_id], [dept_id], [section_id], [doc_id], [item_type], [item_name], [item_desc], [item_index]) VALUES (254, 1, 1, 4, 22, 1, '3.	Working with hand tools', '', 3)
INSERT INTO [dbo].[un_co_dept_template_items]([item_id], [co_id], [dept_id], [section_id], [doc_id], [item_type], [item_name], [item_desc], [item_index]) VALUES (255, 1, 1, 4, 22, 1, '4.	Damage to hidden services (gas/electrical/plumbing)', '', 4)
INSERT INTO [dbo].[un_co_dept_template_items]([item_id], [co_id], [dept_id], [section_id], [doc_id], [item_type], [item_name], [item_desc], [item_index]) VALUES (256, 1, 1, 4, 22, 1, '5.	Interaction with Tenants', '', 5)
INSERT INTO [dbo].[un_co_dept_template_items]([item_id], [co_id], [dept_id], [section_id], [doc_id], [item_type], [item_name], [item_desc], [item_index]) VALUES (257, 1, 1, 4, 22, 1, '6.	Asbestos', '', 6)
INSERT INTO [dbo].[un_co_dept_template_items]([item_id], [co_id], [dept_id], [section_id], [doc_id], [item_type], [item_name], [item_desc], [item_index]) VALUES (258, 1, 1, 4, 22, 1, '7.	Hot gun', '', 7)
INSERT INTO [dbo].[un_co_dept_template_items]([item_id], [co_id], [dept_id], [section_id], [doc_id], [item_type], [item_name], [item_desc], [item_index]) VALUES (259, 1, 1, 5, 22, 1, 'Operatives and Tenants', '', 1)
INSERT INTO [dbo].[un_co_dept_template_items]([item_id], [co_id], [dept_id], [section_id], [doc_id], [item_type], [item_name], [item_desc], [item_index]) VALUES (260, 1, 1, 6, 22, 1, 'Infrequent', '', 1)
INSERT INTO [dbo].[un_co_dept_template_items]([item_id], [co_id], [dept_id], [section_id], [doc_id], [item_type], [item_name], [item_desc], [item_index]) VALUES (261, 1, 1, 7, 22, 1, '1.	Ensure workforce are competent and trained to current industry standards', '', 1)
INSERT INTO [dbo].[un_co_dept_template_items]([item_id], [co_id], [dept_id], [section_id], [doc_id], [item_type], [item_name], [item_desc], [item_index]) VALUES (262, 1, 1, 7, 22, 1, '2.	Ensure adequate ventilation and refer to relevant COSHH paperwork', '', 2)
INSERT INTO [dbo].[un_co_dept_template_items]([item_id], [co_id], [dept_id], [section_id], [doc_id], [item_type], [item_name], [item_desc], [item_index]) VALUES (263, 1, 1, 7, 22, 1, '3.	Contractor to use good handling techniques.', '', 3)
INSERT INTO [dbo].[un_co_dept_template_items]([item_id], [co_id], [dept_id], [section_id], [doc_id], [item_type], [item_name], [item_desc], [item_index]) VALUES (264, 1, 1, 7, 22, 1, '4.	Service locations are made aware/use detection tools to discover services', '', 4)
INSERT INTO [dbo].[un_co_dept_template_items]([item_id], [co_id], [dept_id], [section_id], [doc_id], [item_type], [item_name], [item_desc], [item_index]) VALUES (265, 1, 1, 7, 22, 1, '5.	Asbestos register referred to prior to work commencing', '', 5)
INSERT INTO [dbo].[un_co_dept_template_items]([item_id], [co_id], [dept_id], [section_id], [doc_id], [item_type], [item_name], [item_desc], [item_index]) VALUES (266, 1, 1, 7, 22, 1, '6.	Hot works permits adhered to.', '', 6)
INSERT INTO [dbo].[un_co_dept_template_items]([item_id], [co_id], [dept_id], [section_id], [doc_id], [item_type], [item_name], [item_desc], [item_index]) VALUES (267, 1, 1, 8, 22, 1, 'Low', '', 1)
INSERT INTO [dbo].[un_co_dept_template_items]([item_id], [co_id], [dept_id], [section_id], [doc_id], [item_type], [item_name], [item_desc], [item_index]) VALUES (268, 1, 1, 9, 22, 1, '2', '', 1)
INSERT INTO [dbo].[un_co_dept_template_items]([item_id], [co_id], [dept_id], [section_id], [doc_id], [item_type], [item_name], [item_desc], [item_index]) VALUES (269, 1, 1, 10, 22, 1, '2', '', 1)
INSERT INTO [dbo].[un_co_dept_template_items]([item_id], [co_id], [dept_id], [section_id], [doc_id], [item_type], [item_name], [item_desc], [item_index]) VALUES (270, 1, 1, 11, 22, 1, '1.	Supervision to ensure that precautions are taken and control measures are followed', '', 1)
INSERT INTO [dbo].[un_co_dept_template_items]([item_id], [co_id], [dept_id], [section_id], [doc_id], [item_type], [item_name], [item_desc], [item_index]) VALUES (271, 1, 1, 11, 22, 1, '2.	Refer to Kier Red Tops were applicable.', '', 2)
INSERT INTO [dbo].[un_co_dept_template_items]([item_id], [co_id], [dept_id], [section_id], [doc_id], [item_type], [item_name], [item_desc], [item_index]) VALUES (272, 1, 1, 12, 22, 1, 'IMMEDIATE', '', 1)
INSERT INTO [dbo].[un_co_dept_template_items]([item_id], [co_id], [dept_id], [section_id], [doc_id], [item_type], [item_name], [item_desc], [item_index]) VALUES (273, 1, 1, 2, 23, 1, 'Wall Tiling', '', 1)
INSERT INTO [dbo].[un_co_dept_template_items]([item_id], [co_id], [dept_id], [section_id], [doc_id], [item_type], [item_name], [item_desc], [item_index]) VALUES (274, 1, 1, 3, 23, 1, 'Health and Safety at Work etc. Act 1974', '', 1)
INSERT INTO [dbo].[un_co_dept_template_items]([item_id], [co_id], [dept_id], [section_id], [doc_id], [item_type], [item_name], [item_desc], [item_index]) VALUES (275, 1, 1, 3, 23, 1, 'British Standards ', '', 2)
INSERT INTO [dbo].[un_co_dept_template_items]([item_id], [co_id], [dept_id], [section_id], [doc_id], [item_type], [item_name], [item_desc], [item_index]) VALUES (276, 1, 1, 3, 23, 1, 'Working at height 2005', '', 3)
INSERT INTO [dbo].[un_co_dept_template_items]([item_id], [co_id], [dept_id], [section_id], [doc_id], [item_type], [item_name], [item_desc], [item_index]) VALUES (277, 1, 1, 3, 23, 1, 'Kier Red Tops – Relating to working at height', '', 4)
INSERT INTO [dbo].[un_co_dept_template_items]([item_id], [co_id], [dept_id], [section_id], [doc_id], [item_type], [item_name], [item_desc], [item_index]) VALUES (278, 1, 1, 4, 23, 1, '1.	Cuts', '', 1)
INSERT INTO [dbo].[un_co_dept_template_items]([item_id], [co_id], [dept_id], [section_id], [doc_id], [item_type], [item_name], [item_desc], [item_index]) VALUES (279, 1, 1, 4, 23, 1, '2.	Manual handling', '', 2)
INSERT INTO [dbo].[un_co_dept_template_items]([item_id], [co_id], [dept_id], [section_id], [doc_id], [item_type], [item_name], [item_desc], [item_index]) VALUES (280, 1, 1, 4, 23, 1, '3.	Working at height', '', 3)
INSERT INTO [dbo].[un_co_dept_template_items]([item_id], [co_id], [dept_id], [section_id], [doc_id], [item_type], [item_name], [item_desc], [item_index]) VALUES (281, 1, 1, 4, 23, 1, '4.	Working with hand tools', '', 4)
INSERT INTO [dbo].[un_co_dept_template_items]([item_id], [co_id], [dept_id], [section_id], [doc_id], [item_type], [item_name], [item_desc], [item_index]) VALUES (282, 1, 1, 4, 23, 1, '5.	Working with powered tools', '', 5)
INSERT INTO [dbo].[un_co_dept_template_items]([item_id], [co_id], [dept_id], [section_id], [doc_id], [item_type], [item_name], [item_desc], [item_index]) VALUES (283, 1, 1, 4, 23, 1, '6.	Interaction with Tenants', '', 6)
INSERT INTO [dbo].[un_co_dept_template_items]([item_id], [co_id], [dept_id], [section_id], [doc_id], [item_type], [item_name], [item_desc], [item_index]) VALUES (284, 1, 1, 4, 23, 1, '7.	Dust', '', 7)
INSERT INTO [dbo].[un_co_dept_template_items]([item_id], [co_id], [dept_id], [section_id], [doc_id], [item_type], [item_name], [item_desc], [item_index]) VALUES (285, 1, 1, 4, 23, 1, '8.	Fumes from adhesive. ', '', 8)
INSERT INTO [dbo].[un_co_dept_template_items]([item_id], [co_id], [dept_id], [section_id], [doc_id], [item_type], [item_name], [item_desc], [item_index]) VALUES (286, 1, 1, 5, 23, 1, 'Operatives and Tenants', '', 1)
INSERT INTO [dbo].[un_co_dept_template_items]([item_id], [co_id], [dept_id], [section_id], [doc_id], [item_type], [item_name], [item_desc], [item_index]) VALUES (287, 1, 1, 6, 23, 1, 'Infrequent', '', 1)
INSERT INTO [dbo].[un_co_dept_template_items]([item_id], [co_id], [dept_id], [section_id], [doc_id], [item_type], [item_name], [item_desc], [item_index]) VALUES (288, 1, 1, 7, 23, 1, '1.	Ensure workforce are competent and trained to current industry standards', '', 1)
INSERT INTO [dbo].[un_co_dept_template_items]([item_id], [co_id], [dept_id], [section_id], [doc_id], [item_type], [item_name], [item_desc], [item_index]) VALUES (289, 1, 1, 7, 23, 1, '2.	Contractor to use good handling techniques.', '', 2)
INSERT INTO [dbo].[un_co_dept_template_items]([item_id], [co_id], [dept_id], [section_id], [doc_id], [item_type], [item_name], [item_desc], [item_index]) VALUES (290, 1, 1, 7, 23, 1, '3.	Ensure correct PPE is worn at all times', '', 3)
INSERT INTO [dbo].[un_co_dept_template_items]([item_id], [co_id], [dept_id], [section_id], [doc_id], [item_type], [item_name], [item_desc], [item_index]) VALUES (291, 1, 1, 8, 23, 1, 'Low', '', 1)
INSERT INTO [dbo].[un_co_dept_template_items]([item_id], [co_id], [dept_id], [section_id], [doc_id], [item_type], [item_name], [item_desc], [item_index]) VALUES (292, 1, 1, 9, 23, 1, '2', '', 1)
INSERT INTO [dbo].[un_co_dept_template_items]([item_id], [co_id], [dept_id], [section_id], [doc_id], [item_type], [item_name], [item_desc], [item_index]) VALUES (293, 1, 1, 10, 23, 1, '2', '', 1)
INSERT INTO [dbo].[un_co_dept_template_items]([item_id], [co_id], [dept_id], [section_id], [doc_id], [item_type], [item_name], [item_desc], [item_index]) VALUES (294, 1, 1, 11, 23, 1, '1.	Supervision to ensure that precautions are taken and control measures are followed', '', 1)
INSERT INTO [dbo].[un_co_dept_template_items]([item_id], [co_id], [dept_id], [section_id], [doc_id], [item_type], [item_name], [item_desc], [item_index]) VALUES (295, 1, 1, 12, 23, 1, 'IMMEDIATE', '', 1)
INSERT INTO [dbo].[un_co_dept_template_items]([item_id], [co_id], [dept_id], [section_id], [doc_id], [item_type], [item_name], [item_desc], [item_index]) VALUES (296, 1, 1, 2, 24, 1, 'Internal Decorations', '', 1)
INSERT INTO [dbo].[un_co_dept_template_items]([item_id], [co_id], [dept_id], [section_id], [doc_id], [item_type], [item_name], [item_desc], [item_index]) VALUES (297, 1, 1, 3, 24, 1, 'Health and Safety at Work etc. Act 1974', '', 1)
INSERT INTO [dbo].[un_co_dept_template_items]([item_id], [co_id], [dept_id], [section_id], [doc_id], [item_type], [item_name], [item_desc], [item_index]) VALUES (298, 1, 1, 3, 24, 1, 'British Standards ', '', 2)
INSERT INTO [dbo].[un_co_dept_template_items]([item_id], [co_id], [dept_id], [section_id], [doc_id], [item_type], [item_name], [item_desc], [item_index]) VALUES (299, 1, 1, 3, 24, 1, 'Working at height 2005', '', 3)
INSERT INTO [dbo].[un_co_dept_template_items]([item_id], [co_id], [dept_id], [section_id], [doc_id], [item_type], [item_name], [item_desc], [item_index]) VALUES (300, 1, 1, 3, 24, 1, 'Kier Red Tops relating to working at height.', '', 4)
INSERT INTO [dbo].[un_co_dept_template_items]([item_id], [co_id], [dept_id], [section_id], [doc_id], [item_type], [item_name], [item_desc], [item_index]) VALUES (301, 1, 1, 4, 24, 1, '1.	Falls from height', '', 1)
INSERT INTO [dbo].[un_co_dept_template_items]([item_id], [co_id], [dept_id], [section_id], [doc_id], [item_type], [item_name], [item_desc], [item_index]) VALUES (302, 1, 1, 4, 24, 1, '2.	Slips and trips', '', 2)
INSERT INTO [dbo].[un_co_dept_template_items]([item_id], [co_id], [dept_id], [section_id], [doc_id], [item_type], [item_name], [item_desc], [item_index]) VALUES (303, 1, 1, 4, 24, 1, '3.	Fumes from materials', '', 3)
INSERT INTO [dbo].[un_co_dept_template_items]([item_id], [co_id], [dept_id], [section_id], [doc_id], [item_type], [item_name], [item_desc], [item_index]) VALUES (304, 1, 1, 5, 24, 1, 'Operatives and Tenants', '', 1)
INSERT INTO [dbo].[un_co_dept_template_items]([item_id], [co_id], [dept_id], [section_id], [doc_id], [item_type], [item_name], [item_desc], [item_index]) VALUES (305, 1, 1, 6, 24, 1, 'Infrequent', '', 1)
INSERT INTO [dbo].[un_co_dept_template_items]([item_id], [co_id], [dept_id], [section_id], [doc_id], [item_type], [item_name], [item_desc], [item_index]) VALUES (306, 1, 1, 7, 24, 1, '1.	Ensure workforce are competent and trained to current industry standards', '', 1)
INSERT INTO [dbo].[un_co_dept_template_items]([item_id], [co_id], [dept_id], [section_id], [doc_id], [item_type], [item_name], [item_desc], [item_index]) VALUES (307, 1, 1, 7, 24, 1, '2.	Contractor to use good handling techniques.', '', 2)
INSERT INTO [dbo].[un_co_dept_template_items]([item_id], [co_id], [dept_id], [section_id], [doc_id], [item_type], [item_name], [item_desc], [item_index]) VALUES (308, 1, 1, 7, 24, 1, '3.	Ensure correct PPE is worn at all times', '', 3)
INSERT INTO [dbo].[un_co_dept_template_items]([item_id], [co_id], [dept_id], [section_id], [doc_id], [item_type], [item_name], [item_desc], [item_index]) VALUES (309, 1, 1, 7, 24, 1, '4.	Reference is made to COSHH assessments', '', 4)
INSERT INTO [dbo].[un_co_dept_template_items]([item_id], [co_id], [dept_id], [section_id], [doc_id], [item_type], [item_name], [item_desc], [item_index]) VALUES (310, 1, 1, 7, 24, 1, '5.	A clear and tidy working area.', '', 5)
INSERT INTO [dbo].[un_co_dept_template_items]([item_id], [co_id], [dept_id], [section_id], [doc_id], [item_type], [item_name], [item_desc], [item_index]) VALUES (311, 1, 1, 8, 24, 1, 'Low', '', 1)
INSERT INTO [dbo].[un_co_dept_template_items]([item_id], [co_id], [dept_id], [section_id], [doc_id], [item_type], [item_name], [item_desc], [item_index]) VALUES (312, 1, 1, 9, 24, 1, '2', '', 1)
INSERT INTO [dbo].[un_co_dept_template_items]([item_id], [co_id], [dept_id], [section_id], [doc_id], [item_type], [item_name], [item_desc], [item_index]) VALUES (313, 1, 1, 10, 24, 1, '2', '', 1)
INSERT INTO [dbo].[un_co_dept_template_items]([item_id], [co_id], [dept_id], [section_id], [doc_id], [item_type], [item_name], [item_desc], [item_index]) VALUES (314, 1, 1, 11, 24, 1, '1.	Supervision to ensure that precautions are taken and control measures are followed', '', 1)
INSERT INTO [dbo].[un_co_dept_template_items]([item_id], [co_id], [dept_id], [section_id], [doc_id], [item_type], [item_name], [item_desc], [item_index]) VALUES (315, 1, 1, 12, 24, 1, 'IMMEDIATE', '', 1)
INSERT INTO [dbo].[un_co_dept_template_items]([item_id], [co_id], [dept_id], [section_id], [doc_id], [item_type], [item_name], [item_desc], [item_index]) VALUES (316, 1, 1, 2, 25, 1, 'Chasing Out', '', 1)
INSERT INTO [dbo].[un_co_dept_template_items]([item_id], [co_id], [dept_id], [section_id], [doc_id], [item_type], [item_name], [item_desc], [item_index]) VALUES (317, 1, 1, 3, 25, 1, 'Health and Safety at Work etc. Act 1974', '', 1)
INSERT INTO [dbo].[un_co_dept_template_items]([item_id], [co_id], [dept_id], [section_id], [doc_id], [item_type], [item_name], [item_desc], [item_index]) VALUES (318, 1, 1, 4, 25, 1, '1.	Fall of materials/equipment tools', '', 1)
INSERT INTO [dbo].[un_co_dept_template_items]([item_id], [co_id], [dept_id], [section_id], [doc_id], [item_type], [item_name], [item_desc], [item_index]) VALUES (319, 1, 1, 4, 25, 1, '2.	Manual handing related injuries', '', 2)
INSERT INTO [dbo].[un_co_dept_template_items]([item_id], [co_id], [dept_id], [section_id], [doc_id], [item_type], [item_name], [item_desc], [item_index]) VALUES (320, 1, 1, 4, 25, 1, '3.	Contact with hidden services', '', 3)
INSERT INTO [dbo].[un_co_dept_template_items]([item_id], [co_id], [dept_id], [section_id], [doc_id], [item_type], [item_name], [item_desc], [item_index]) VALUES (321, 1, 1, 4, 25, 1, '4.	Dust', '', 4)
INSERT INTO [dbo].[un_co_dept_template_items]([item_id], [co_id], [dept_id], [section_id], [doc_id], [item_type], [item_name], [item_desc], [item_index]) VALUES (322, 1, 1, 4, 25, 1, '5.	Working at height', '', 5)
INSERT INTO [dbo].[un_co_dept_template_items]([item_id], [co_id], [dept_id], [section_id], [doc_id], [item_type], [item_name], [item_desc], [item_index]) VALUES (323, 1, 1, 4, 25, 1, '6.	Asbestos', '', 6)
INSERT INTO [dbo].[un_co_dept_template_items]([item_id], [co_id], [dept_id], [section_id], [doc_id], [item_type], [item_name], [item_desc], [item_index]) VALUES (324, 1, 1, 5, 25, 1, 'Operatives and Third Parties', '', 1)
INSERT INTO [dbo].[un_co_dept_template_items]([item_id], [co_id], [dept_id], [section_id], [doc_id], [item_type], [item_name], [item_desc], [item_index]) VALUES (325, 1, 1, 6, 25, 1, 'Infrequent', '', 1)
INSERT INTO [dbo].[un_co_dept_template_items]([item_id], [co_id], [dept_id], [section_id], [doc_id], [item_type], [item_name], [item_desc], [item_index]) VALUES (326, 1, 1, 7, 25, 1, '1.	Ensure manual handling procedures are followed.', '', 1)
INSERT INTO [dbo].[un_co_dept_template_items]([item_id], [co_id], [dept_id], [section_id], [doc_id], [item_type], [item_name], [item_desc], [item_index]) VALUES (327, 1, 1, 7, 25, 1, '2.	Services will be terminated/isolated prior to commencing works', '', 2)
INSERT INTO [dbo].[un_co_dept_template_items]([item_id], [co_id], [dept_id], [section_id], [doc_id], [item_type], [item_name], [item_desc], [item_index]) VALUES (328, 1, 1, 7, 25, 1, '3.	CAT will be used to locate unknown services', '', 3)
INSERT INTO [dbo].[un_co_dept_template_items]([item_id], [co_id], [dept_id], [section_id], [doc_id], [item_type], [item_name], [item_desc], [item_index]) VALUES (329, 1, 1, 7, 25, 1, '4.	Demolition tools to be inspected prior to use', '', 4)
INSERT INTO [dbo].[un_co_dept_template_items]([item_id], [co_id], [dept_id], [section_id], [doc_id], [item_type], [item_name], [item_desc], [item_index]) VALUES (330, 1, 1, 7, 25, 1, '5.	Ensure correct PPE is worn at all times – Refer to method statement', '', 5)
INSERT INTO [dbo].[un_co_dept_template_items]([item_id], [co_id], [dept_id], [section_id], [doc_id], [item_type], [item_name], [item_desc], [item_index]) VALUES (331, 1, 1, 7, 25, 1, '6.	Asbestos register referred to where available.', '', 6)
INSERT INTO [dbo].[un_co_dept_template_items]([item_id], [co_id], [dept_id], [section_id], [doc_id], [item_type], [item_name], [item_desc], [item_index]) VALUES (332, 1, 1, 8, 25, 1, 'Low', '', 1)
INSERT INTO [dbo].[un_co_dept_template_items]([item_id], [co_id], [dept_id], [section_id], [doc_id], [item_type], [item_name], [item_desc], [item_index]) VALUES (333, 1, 1, 9, 25, 1, '3', '', 1)
INSERT INTO [dbo].[un_co_dept_template_items]([item_id], [co_id], [dept_id], [section_id], [doc_id], [item_type], [item_name], [item_desc], [item_index]) VALUES (334, 1, 1, 10, 25, 1, '3', '', 1)
INSERT INTO [dbo].[un_co_dept_template_items]([item_id], [co_id], [dept_id], [section_id], [doc_id], [item_type], [item_name], [item_desc], [item_index]) VALUES (335, 1, 1, 11, 25, 1, '1.	Include in general tool box talks', '', 1)
INSERT INTO [dbo].[un_co_dept_template_items]([item_id], [co_id], [dept_id], [section_id], [doc_id], [item_type], [item_name], [item_desc], [item_index]) VALUES (336, 1, 1, 11, 25, 1, '2.	Supervision to ensure that precautions are taken and control measures are followed', '', 2)
INSERT INTO [dbo].[un_co_dept_template_items]([item_id], [co_id], [dept_id], [section_id], [doc_id], [item_type], [item_name], [item_desc], [item_index]) VALUES (337, 1, 1, 12, 25, 1, 'IMMEDIATE', '', 1)
INSERT INTO [dbo].[un_co_dept_template_items]([item_id], [co_id], [dept_id], [section_id], [doc_id], [item_type], [item_name], [item_desc], [item_index]) VALUES (338, 1, 1, 2, 26, 1, 'Removal of tiles from fire damaged roof', '', 1)
INSERT INTO [dbo].[un_co_dept_template_items]([item_id], [co_id], [dept_id], [section_id], [doc_id], [item_type], [item_name], [item_desc], [item_index]) VALUES (339, 1, 1, 3, 26, 1, 'Health and Safety at Work etc. Act 1974', '', 1)
INSERT INTO [dbo].[un_co_dept_template_items]([item_id], [co_id], [dept_id], [section_id], [doc_id], [item_type], [item_name], [item_desc], [item_index]) VALUES (340, 1, 1, 3, 26, 1, 'CDM 2007', '', 2)
INSERT INTO [dbo].[un_co_dept_template_items]([item_id], [co_id], [dept_id], [section_id], [doc_id], [item_type], [item_name], [item_desc], [item_index]) VALUES (341, 1, 1, 4, 26, 1, '1.	Falls of persons', '', 1)
INSERT INTO [dbo].[un_co_dept_template_items]([item_id], [co_id], [dept_id], [section_id], [doc_id], [item_type], [item_name], [item_desc], [item_index]) VALUES (342, 1, 1, 4, 26, 1, '2.	Falls of equipment / tools', '', 2)
INSERT INTO [dbo].[un_co_dept_template_items]([item_id], [co_id], [dept_id], [section_id], [doc_id], [item_type], [item_name], [item_desc], [item_index]) VALUES (343, 1, 1, 4, 26, 1, '3.	Collapse of scaffold due to overloading', '', 3)
INSERT INTO [dbo].[un_co_dept_template_items]([item_id], [co_id], [dept_id], [section_id], [doc_id], [item_type], [item_name], [item_desc], [item_index]) VALUES (344, 1, 1, 4, 26, 1, '4.	Materials falling from scaffold', '', 4)
INSERT INTO [dbo].[un_co_dept_template_items]([item_id], [co_id], [dept_id], [section_id], [doc_id], [item_type], [item_name], [item_desc], [item_index]) VALUES (345, 1, 1, 4, 26, 1, '5.	Risk of damage to property from falling tiles/debris', '', 5)
INSERT INTO [dbo].[un_co_dept_template_items]([item_id], [co_id], [dept_id], [section_id], [doc_id], [item_type], [item_name], [item_desc], [item_index]) VALUES (346, 1, 1, 4, 26, 1, '6.	Unauthorised access', '', 6)
INSERT INTO [dbo].[un_co_dept_template_items]([item_id], [co_id], [dept_id], [section_id], [doc_id], [item_type], [item_name], [item_desc], [item_index]) VALUES (347, 1, 1, 5, 26, 1, 'Operatives and third parties', '', 1)
INSERT INTO [dbo].[un_co_dept_template_items]([item_id], [co_id], [dept_id], [section_id], [doc_id], [item_type], [item_name], [item_desc], [item_index]) VALUES (348, 1, 1, 6, 26, 1, '6 hrs per day of work, including breaks', '', 1)
INSERT INTO [dbo].[un_co_dept_template_items]([item_id], [co_id], [dept_id], [section_id], [doc_id], [item_type], [item_name], [item_desc], [item_index]) VALUES (349, 1, 1, 7, 26, 1, '1.	Ensure scaffold has been erected by a competent person', '', 1)
INSERT INTO [dbo].[un_co_dept_template_items]([item_id], [co_id], [dept_id], [section_id], [doc_id], [item_type], [item_name], [item_desc], [item_index]) VALUES (350, 1, 1, 7, 26, 1, '2.	Keep the storage of materials or waste to a minimum on scaffold', '', 2)
INSERT INTO [dbo].[un_co_dept_template_items]([item_id], [co_id], [dept_id], [section_id], [doc_id], [item_type], [item_name], [item_desc], [item_index]) VALUES (351, 1, 1, 7, 26, 1, '3.	Where practicable ‘net’ scaffold frame.', '', 3)
INSERT INTO [dbo].[un_co_dept_template_items]([item_id], [co_id], [dept_id], [section_id], [doc_id], [item_type], [item_name], [item_desc], [item_index]) VALUES (352, 1, 1, 7, 26, 1, '4.	Protection for the public and others in the vicinity to be achieved by segregation of scaffold/works by means of suitable barriers', '', 4)
INSERT INTO [dbo].[un_co_dept_template_items]([item_id], [co_id], [dept_id], [section_id], [doc_id], [item_type], [item_name], [item_desc], [item_index]) VALUES (353, 1, 1, 7, 26, 1, '5.	Ensure safe access to scaffold', '', 5)
INSERT INTO [dbo].[un_co_dept_template_items]([item_id], [co_id], [dept_id], [section_id], [doc_id], [item_type], [item_name], [item_desc], [item_index]) VALUES (354, 1, 1, 7, 26, 1, '6.	Bumpa hoist used to lower damaged tiles', '', 6)
INSERT INTO [dbo].[un_co_dept_template_items]([item_id], [co_id], [dept_id], [section_id], [doc_id], [item_type], [item_name], [item_desc], [item_index]) VALUES (355, 1, 1, 7, 26, 1, '7.	Any timbers will be lowered to ground using the Ginny wheel fitted to the scaffold.', '', 7)
INSERT INTO [dbo].[un_co_dept_template_items]([item_id], [co_id], [dept_id], [section_id], [doc_id], [item_type], [item_name], [item_desc], [item_index]) VALUES (356, 1, 1, 7, 26, 1, '8.	Remove ladders to first level after every shift. ', '', 8)
INSERT INTO [dbo].[un_co_dept_template_items]([item_id], [co_id], [dept_id], [section_id], [doc_id], [item_type], [item_name], [item_desc], [item_index]) VALUES (357, 1, 1, 7, 26, 1, '9.	Suitably sign and where possible highlight dangers during any tenants forums.', '', 9)
INSERT INTO [dbo].[un_co_dept_template_items]([item_id], [co_id], [dept_id], [section_id], [doc_id], [item_type], [item_name], [item_desc], [item_index]) VALUES (358, 1, 1, 7, 26, 1, '10.	Inspect scaffold integrity every day', '', 10)
INSERT INTO [dbo].[un_co_dept_template_items]([item_id], [co_id], [dept_id], [section_id], [doc_id], [item_type], [item_name], [item_desc], [item_index]) VALUES (359, 1, 1, 8, 26, 1, 'Low', '', 1)
INSERT INTO [dbo].[un_co_dept_template_items]([item_id], [co_id], [dept_id], [section_id], [doc_id], [item_type], [item_name], [item_desc], [item_index]) VALUES (360, 1, 1, 9, 26, 1, '3', '', 1)
INSERT INTO [dbo].[un_co_dept_template_items]([item_id], [co_id], [dept_id], [section_id], [doc_id], [item_type], [item_name], [item_desc], [item_index]) VALUES (361, 1, 1, 10, 26, 1, '3', '', 1)
INSERT INTO [dbo].[un_co_dept_template_items]([item_id], [co_id], [dept_id], [section_id], [doc_id], [item_type], [item_name], [item_desc], [item_index]) VALUES (362, 1, 1, 11, 26, 1, '1.	Training to be provided for supervisors and operatives involved in the use of access scaffolding', '', 1)
INSERT INTO [dbo].[un_co_dept_template_items]([item_id], [co_id], [dept_id], [section_id], [doc_id], [item_type], [item_name], [item_desc], [item_index]) VALUES (363, 1, 1, 11, 26, 1, '2.	Supervision to ensure that precautions are taken and method statement followed', '', 2)
INSERT INTO [dbo].[un_co_dept_template_items]([item_id], [co_id], [dept_id], [section_id], [doc_id], [item_type], [item_name], [item_desc], [item_index]) VALUES (364, 1, 1, 11, 26, 1, '3.	Include information in regular toolbox talks', '', 3)
INSERT INTO [dbo].[un_co_dept_template_items]([item_id], [co_id], [dept_id], [section_id], [doc_id], [item_type], [item_name], [item_desc], [item_index]) VALUES (365, 1, 1, 12, 26, 1, 'IMMEDIATE', '', 1)
INSERT INTO [dbo].[un_co_dept_template_items]([item_id], [co_id], [dept_id], [section_id], [doc_id], [item_type], [item_name], [item_desc], [item_index]) VALUES (366, 1, 1, 2, 27, 1, 'Groundworks – By Hand', '', 1)
INSERT INTO [dbo].[un_co_dept_template_items]([item_id], [co_id], [dept_id], [section_id], [doc_id], [item_type], [item_name], [item_desc], [item_index]) VALUES (367, 1, 1, 3, 27, 1, 'Health and Safety at Work etc. Act 1974', '', 1)
INSERT INTO [dbo].[un_co_dept_template_items]([item_id], [co_id], [dept_id], [section_id], [doc_id], [item_type], [item_name], [item_desc], [item_index]) VALUES (368, 1, 1, 4, 27, 1, '1.	Manual handing related injuries', '', 1)
INSERT INTO [dbo].[un_co_dept_template_items]([item_id], [co_id], [dept_id], [section_id], [doc_id], [item_type], [item_name], [item_desc], [item_index]) VALUES (369, 1, 1, 4, 27, 1, '2.	Contact with hidden services', '', 2)
INSERT INTO [dbo].[un_co_dept_template_items]([item_id], [co_id], [dept_id], [section_id], [doc_id], [item_type], [item_name], [item_desc], [item_index]) VALUES (370, 1, 1, 4, 27, 1, '3.	Danger to public', '', 3)
INSERT INTO [dbo].[un_co_dept_template_items]([item_id], [co_id], [dept_id], [section_id], [doc_id], [item_type], [item_name], [item_desc], [item_index]) VALUES (371, 1, 1, 4, 27, 1, '4.	Noise pollution', '', 4)
INSERT INTO [dbo].[un_co_dept_template_items]([item_id], [co_id], [dept_id], [section_id], [doc_id], [item_type], [item_name], [item_desc], [item_index]) VALUES (372, 1, 1, 4, 27, 1, '5.	Environmental aspects', '', 5)
INSERT INTO [dbo].[un_co_dept_template_items]([item_id], [co_id], [dept_id], [section_id], [doc_id], [item_type], [item_name], [item_desc], [item_index]) VALUES (373, 1, 1, 4, 27, 1, '6.	Vehicle movement', '', 6)
INSERT INTO [dbo].[un_co_dept_template_items]([item_id], [co_id], [dept_id], [section_id], [doc_id], [item_type], [item_name], [item_desc], [item_index]) VALUES (374, 1, 1, 4, 27, 1, '7.	Overhead services', '', 7)
INSERT INTO [dbo].[un_co_dept_template_items]([item_id], [co_id], [dept_id], [section_id], [doc_id], [item_type], [item_name], [item_desc], [item_index]) VALUES (375, 1, 1, 5, 27, 1, 'Operatives and Third Parties', '', 1)
INSERT INTO [dbo].[un_co_dept_template_items]([item_id], [co_id], [dept_id], [section_id], [doc_id], [item_type], [item_name], [item_desc], [item_index]) VALUES (376, 1, 1, 6, 27, 1, 'Infrequent', '', 1)
INSERT INTO [dbo].[un_co_dept_template_items]([item_id], [co_id], [dept_id], [section_id], [doc_id], [item_type], [item_name], [item_desc], [item_index]) VALUES (377, 1, 1, 7, 27, 1, '1.	Ensure manual handling procedures are followed.', '', 1)
INSERT INTO [dbo].[un_co_dept_template_items]([item_id], [co_id], [dept_id], [section_id], [doc_id], [item_type], [item_name], [item_desc], [item_index]) VALUES (378, 1, 1, 7, 27, 1, '2.	Public protection will be erected and areas worked on isolated', '', 2)
INSERT INTO [dbo].[un_co_dept_template_items]([item_id], [co_id], [dept_id], [section_id], [doc_id], [item_type], [item_name], [item_desc], [item_index]) VALUES (379, 1, 1, 7, 27, 1, '3.	Demolition tools to be inspected prior to use', '', 3)
INSERT INTO [dbo].[un_co_dept_template_items]([item_id], [co_id], [dept_id], [section_id], [doc_id], [item_type], [item_name], [item_desc], [item_index]) VALUES (380, 1, 1, 7, 27, 1, '4.	CAT used prior to excavation to ensure services are identified.', '', 4)
INSERT INTO [dbo].[un_co_dept_template_items]([item_id], [co_id], [dept_id], [section_id], [doc_id], [item_type], [item_name], [item_desc], [item_index]) VALUES (381, 1, 1, 7, 27, 1, '5.	Correct PPE worn at all times', '', 5)
INSERT INTO [dbo].[un_co_dept_template_items]([item_id], [co_id], [dept_id], [section_id], [doc_id], [item_type], [item_name], [item_desc], [item_index]) VALUES (382, 1, 1, 7, 27, 1, '6.	Work area isolated with barriers if suitable', '', 6)
INSERT INTO [dbo].[un_co_dept_template_items]([item_id], [co_id], [dept_id], [section_id], [doc_id], [item_type], [item_name], [item_desc], [item_index]) VALUES (383, 1, 1, 8, 27, 1, 'Med', '', 1)
INSERT INTO [dbo].[un_co_dept_template_items]([item_id], [co_id], [dept_id], [section_id], [doc_id], [item_type], [item_name], [item_desc], [item_index]) VALUES (384, 1, 1, 9, 27, 1, '3', '', 1)
INSERT INTO [dbo].[un_co_dept_template_items]([item_id], [co_id], [dept_id], [section_id], [doc_id], [item_type], [item_name], [item_desc], [item_index]) VALUES (385, 1, 1, 10, 27, 1, '4', '', 1)
INSERT INTO [dbo].[un_co_dept_template_items]([item_id], [co_id], [dept_id], [section_id], [doc_id], [item_type], [item_name], [item_desc], [item_index]) VALUES (386, 1, 1, 11, 27, 1, '1.	Include in general tool box talks', '', 1)
INSERT INTO [dbo].[un_co_dept_template_items]([item_id], [co_id], [dept_id], [section_id], [doc_id], [item_type], [item_name], [item_desc], [item_index]) VALUES (387, 1, 1, 11, 27, 1, '2.	Supervision to ensure that precautions are taken and control measures are followed', '', 2)
INSERT INTO [dbo].[un_co_dept_template_items]([item_id], [co_id], [dept_id], [section_id], [doc_id], [item_type], [item_name], [item_desc], [item_index]) VALUES (388, 1, 1, 12, 27, 1, 'IMMEDIATE', '', 1)
INSERT INTO [dbo].[un_co_dept_template_items]([item_id], [co_id], [dept_id], [section_id], [doc_id], [item_type], [item_name], [item_desc], [item_index]) VALUES (389, 1, 1, 2, 29, 1, 'Minor Roofing Works', '', 1)
INSERT INTO [dbo].[un_co_dept_template_items]([item_id], [co_id], [dept_id], [section_id], [doc_id], [item_type], [item_name], [item_desc], [item_index]) VALUES (390, 1, 1, 3, 29, 1, 'Health and Safety at Work etc. Act 1974', '', 1)
INSERT INTO [dbo].[un_co_dept_template_items]([item_id], [co_id], [dept_id], [section_id], [doc_id], [item_type], [item_name], [item_desc], [item_index]) VALUES (391, 1, 1, 3, 29, 1, 'CDM 2007', '', 2)
INSERT INTO [dbo].[un_co_dept_template_items]([item_id], [co_id], [dept_id], [section_id], [doc_id], [item_type], [item_name], [item_desc], [item_index]) VALUES (392, 1, 1, 4, 29, 1, '1.	Falls of persons', '', 1)
INSERT INTO [dbo].[un_co_dept_template_items]([item_id], [co_id], [dept_id], [section_id], [doc_id], [item_type], [item_name], [item_desc], [item_index]) VALUES (393, 1, 1, 4, 29, 1, '2.	Falls of equipment / tools', '', 2)
INSERT INTO [dbo].[un_co_dept_template_items]([item_id], [co_id], [dept_id], [section_id], [doc_id], [item_type], [item_name], [item_desc], [item_index]) VALUES (394, 1, 1, 4, 29, 1, '3.	Collapse of scaffold due to overloading', '', 3)
INSERT INTO [dbo].[un_co_dept_template_items]([item_id], [co_id], [dept_id], [section_id], [doc_id], [item_type], [item_name], [item_desc], [item_index]) VALUES (395, 1, 1, 4, 29, 1, '4.	Materials falling from scaffold', '', 4)
INSERT INTO [dbo].[un_co_dept_template_items]([item_id], [co_id], [dept_id], [section_id], [doc_id], [item_type], [item_name], [item_desc], [item_index]) VALUES (396, 1, 1, 5, 29, 1, 'Operatives and third parties', '', 1)
INSERT INTO [dbo].[un_co_dept_template_items]([item_id], [co_id], [dept_id], [section_id], [doc_id], [item_type], [item_name], [item_desc], [item_index]) VALUES (397, 1, 1, 6, 29, 1, '6 hrs per day of work, including breaks', '', 1)
INSERT INTO [dbo].[un_co_dept_template_items]([item_id], [co_id], [dept_id], [section_id], [doc_id], [item_type], [item_name], [item_desc], [item_index]) VALUES (398, 1, 1, 7, 29, 1, '1.	Ensure scaffold has been approved for working on', '', 1)
INSERT INTO [dbo].[un_co_dept_template_items]([item_id], [co_id], [dept_id], [section_id], [doc_id], [item_type], [item_name], [item_desc], [item_index]) VALUES (399, 1, 1, 7, 29, 1, '2.	Keep the storage of materials or waste to a minimum on scaffold', '', 2)
INSERT INTO [dbo].[un_co_dept_template_items]([item_id], [co_id], [dept_id], [section_id], [doc_id], [item_type], [item_name], [item_desc], [item_index]) VALUES (400, 1, 1, 7, 29, 1, '3.	Protection for the public and others in the vicinity to be achieved by segregation of scaffold/works by means of suitable barriers', '', 3)
INSERT INTO [dbo].[un_co_dept_template_items]([item_id], [co_id], [dept_id], [section_id], [doc_id], [item_type], [item_name], [item_desc], [item_index]) VALUES (401, 1, 1, 7, 29, 1, '4.	Ensure safe access to scaffold', '', 4)
INSERT INTO [dbo].[un_co_dept_template_items]([item_id], [co_id], [dept_id], [section_id], [doc_id], [item_type], [item_name], [item_desc], [item_index]) VALUES (402, 1, 1, 7, 29, 1, '5.	Suitable means of lowering damaged/not reusable tiles to skip area.', '', 5)
INSERT INTO [dbo].[un_co_dept_template_items]([item_id], [co_id], [dept_id], [section_id], [doc_id], [item_type], [item_name], [item_desc], [item_index]) VALUES (403, 1, 1, 7, 29, 1, '6.	Suitable means of lifting timbers, battens and new tiles to roof height.', '', 6)
INSERT INTO [dbo].[un_co_dept_template_items]([item_id], [co_id], [dept_id], [section_id], [doc_id], [item_type], [item_name], [item_desc], [item_index]) VALUES (404, 1, 1, 7, 29, 1, '7.	Suitably sign and where possible highlight dangers during any tenants forums.', '', 7)
INSERT INTO [dbo].[un_co_dept_template_items]([item_id], [co_id], [dept_id], [section_id], [doc_id], [item_type], [item_name], [item_desc], [item_index]) VALUES (405, 1, 1, 8, 29, 1, 'Low/Medium', '', 1)
INSERT INTO [dbo].[un_co_dept_template_items]([item_id], [co_id], [dept_id], [section_id], [doc_id], [item_type], [item_name], [item_desc], [item_index]) VALUES (406, 1, 1, 9, 29, 1, '3', '', 1)
INSERT INTO [dbo].[un_co_dept_template_items]([item_id], [co_id], [dept_id], [section_id], [doc_id], [item_type], [item_name], [item_desc], [item_index]) VALUES (407, 1, 1, 10, 29, 1, '3', '', 1)
INSERT INTO [dbo].[un_co_dept_template_items]([item_id], [co_id], [dept_id], [section_id], [doc_id], [item_type], [item_name], [item_desc], [item_index]) VALUES (408, 1, 1, 11, 29, 1, '1.	Training to be provided for supervisors and operatives involved in the use of access scaffolding', '', 1)
INSERT INTO [dbo].[un_co_dept_template_items]([item_id], [co_id], [dept_id], [section_id], [doc_id], [item_type], [item_name], [item_desc], [item_index]) VALUES (409, 1, 1, 11, 29, 1, '2.	Supervision to ensure that precautions are taken and method statement followed', '', 2)
INSERT INTO [dbo].[un_co_dept_template_items]([item_id], [co_id], [dept_id], [section_id], [doc_id], [item_type], [item_name], [item_desc], [item_index]) VALUES (410, 1, 1, 11, 29, 1, '3.	Include information in regular toolbox talks', '', 3)
INSERT INTO [dbo].[un_co_dept_template_items]([item_id], [co_id], [dept_id], [section_id], [doc_id], [item_type], [item_name], [item_desc], [item_index]) VALUES (411, 1, 1, 12, 29, 1, 'IMMEDIATE', '', 1)
INSERT INTO [dbo].[un_co_dept_template_items]([item_id], [co_id], [dept_id], [section_id], [doc_id], [item_type], [item_name], [item_desc], [item_index]) VALUES (412, 1, 1, 2, 30, 1, 'Renewing Loft Insulation', '', 1)
INSERT INTO [dbo].[un_co_dept_template_items]([item_id], [co_id], [dept_id], [section_id], [doc_id], [item_type], [item_name], [item_desc], [item_index]) VALUES (413, 1, 1, 3, 30, 1, 'Health and Safety at Work etc. Act 1974', '', 1)
INSERT INTO [dbo].[un_co_dept_template_items]([item_id], [co_id], [dept_id], [section_id], [doc_id], [item_type], [item_name], [item_desc], [item_index]) VALUES (414, 1, 1, 3, 30, 1, 'COSHH', '', 2)
INSERT INTO [dbo].[un_co_dept_template_items]([item_id], [co_id], [dept_id], [section_id], [doc_id], [item_type], [item_name], [item_desc], [item_index]) VALUES (415, 1, 1, 4, 30, 1, '1.	Fall of materials/equipment tools', '', 1)
INSERT INTO [dbo].[un_co_dept_template_items]([item_id], [co_id], [dept_id], [section_id], [doc_id], [item_type], [item_name], [item_desc], [item_index]) VALUES (416, 1, 1, 4, 30, 1, '2.	Manual handing related injuries', '', 2)
INSERT INTO [dbo].[un_co_dept_template_items]([item_id], [co_id], [dept_id], [section_id], [doc_id], [item_type], [item_name], [item_desc], [item_index]) VALUES (417, 1, 1, 4, 30, 1, '3.	Contact with hidden services', '', 3)
INSERT INTO [dbo].[un_co_dept_template_items]([item_id], [co_id], [dept_id], [section_id], [doc_id], [item_type], [item_name], [item_desc], [item_index]) VALUES (418, 1, 1, 4, 30, 1, '4.	Irritation from loft insulation', '', 4)
INSERT INTO [dbo].[un_co_dept_template_items]([item_id], [co_id], [dept_id], [section_id], [doc_id], [item_type], [item_name], [item_desc], [item_index]) VALUES (419, 1, 1, 5, 30, 1, 'Operatives and Third Parties', '', 1)
INSERT INTO [dbo].[un_co_dept_template_items]([item_id], [co_id], [dept_id], [section_id], [doc_id], [item_type], [item_name], [item_desc], [item_index]) VALUES (420, 1, 1, 6, 30, 1, 'Frequent', '', 1)
INSERT INTO [dbo].[un_co_dept_template_items]([item_id], [co_id], [dept_id], [section_id], [doc_id], [item_type], [item_name], [item_desc], [item_index]) VALUES (421, 1, 1, 7, 30, 1, '1.	Ensure manual handling procedures are followed.', '', 1)
INSERT INTO [dbo].[un_co_dept_template_items]([item_id], [co_id], [dept_id], [section_id], [doc_id], [item_type], [item_name], [item_desc], [item_index]) VALUES (422, 1, 1, 7, 30, 1, '2.	Services will be terminated/isolated prior to commencing works', '', 2)
INSERT INTO [dbo].[un_co_dept_template_items]([item_id], [co_id], [dept_id], [section_id], [doc_id], [item_type], [item_name], [item_desc], [item_index]) VALUES (423, 1, 1, 7, 30, 1, '3.	Correct PPE, including long sleeves and gloves', '', 3)
INSERT INTO [dbo].[un_co_dept_template_items]([item_id], [co_id], [dept_id], [section_id], [doc_id], [item_type], [item_name], [item_desc], [item_index]) VALUES (424, 1, 1, 7, 30, 1, '4.	Old loft insulation bagged to reduce exposure.', '', 4)
INSERT INTO [dbo].[un_co_dept_template_items]([item_id], [co_id], [dept_id], [section_id], [doc_id], [item_type], [item_name], [item_desc], [item_index]) VALUES (425, 1, 1, 7, 30, 1, '5.	COSHH assessment referred to prior to work.', '', 5)
INSERT INTO [dbo].[un_co_dept_template_items]([item_id], [co_id], [dept_id], [section_id], [doc_id], [item_type], [item_name], [item_desc], [item_index]) VALUES (426, 1, 1, 8, 30, 1, 'Low', '', 1)
INSERT INTO [dbo].[un_co_dept_template_items]([item_id], [co_id], [dept_id], [section_id], [doc_id], [item_type], [item_name], [item_desc], [item_index]) VALUES (427, 1, 1, 9, 30, 1, '3', '', 1)
INSERT INTO [dbo].[un_co_dept_template_items]([item_id], [co_id], [dept_id], [section_id], [doc_id], [item_type], [item_name], [item_desc], [item_index]) VALUES (428, 1, 1, 10, 30, 1, '3', '', 1)
INSERT INTO [dbo].[un_co_dept_template_items]([item_id], [co_id], [dept_id], [section_id], [doc_id], [item_type], [item_name], [item_desc], [item_index]) VALUES (429, 1, 1, 11, 30, 1, '1.	Include in general tool box talks', '', 1)
INSERT INTO [dbo].[un_co_dept_template_items]([item_id], [co_id], [dept_id], [section_id], [doc_id], [item_type], [item_name], [item_desc], [item_index]) VALUES (430, 1, 1, 11, 30, 1, '2.	Supervision to ensure that precautions are taken and control measures are followed', '', 2)
INSERT INTO [dbo].[un_co_dept_template_items]([item_id], [co_id], [dept_id], [section_id], [doc_id], [item_type], [item_name], [item_desc], [item_index]) VALUES (431, 1, 1, 12, 30, 1, 'IMMEDIATE', '', 1)
INSERT INTO [dbo].[un_co_dept_template_items]([item_id], [co_id], [dept_id], [section_id], [doc_id], [item_type], [item_name], [item_desc], [item_index]) VALUES (432, 1, 1, 2, 31, 1, 'Resurfacing Works', '', 1)
INSERT INTO [dbo].[un_co_dept_template_items]([item_id], [co_id], [dept_id], [section_id], [doc_id], [item_type], [item_name], [item_desc], [item_index]) VALUES (433, 1, 1, 3, 31, 1, 'Health and Safety at Work etc. Act 1974', '', 1)
INSERT INTO [dbo].[un_co_dept_template_items]([item_id], [co_id], [dept_id], [section_id], [doc_id], [item_type], [item_name], [item_desc], [item_index]) VALUES (434, 1, 1, 4, 31, 1, '1.	Manual handing related injuries', '', 1)
INSERT INTO [dbo].[un_co_dept_template_items]([item_id], [co_id], [dept_id], [section_id], [doc_id], [item_type], [item_name], [item_desc], [item_index]) VALUES (435, 1, 1, 4, 31, 1, '2.	Contact with hidden services', '', 2)
INSERT INTO [dbo].[un_co_dept_template_items]([item_id], [co_id], [dept_id], [section_id], [doc_id], [item_type], [item_name], [item_desc], [item_index]) VALUES (436, 1, 1, 4, 31, 1, '3.	Danger to public', '', 3)
INSERT INTO [dbo].[un_co_dept_template_items]([item_id], [co_id], [dept_id], [section_id], [doc_id], [item_type], [item_name], [item_desc], [item_index]) VALUES (437, 1, 1, 4, 31, 1, '4.	Noise pollution', '', 4)
INSERT INTO [dbo].[un_co_dept_template_items]([item_id], [co_id], [dept_id], [section_id], [doc_id], [item_type], [item_name], [item_desc], [item_index]) VALUES (438, 1, 1, 5, 31, 1, 'Operatives and Third Parties', '', 1)
INSERT INTO [dbo].[un_co_dept_template_items]([item_id], [co_id], [dept_id], [section_id], [doc_id], [item_type], [item_name], [item_desc], [item_index]) VALUES (439, 1, 1, 6, 31, 1, 'Infrequent', '', 1)
INSERT INTO [dbo].[un_co_dept_template_items]([item_id], [co_id], [dept_id], [section_id], [doc_id], [item_type], [item_name], [item_desc], [item_index]) VALUES (440, 1, 1, 7, 31, 1, '1.	Ensure manual handling procedures are followed.', '', 1)
INSERT INTO [dbo].[un_co_dept_template_items]([item_id], [co_id], [dept_id], [section_id], [doc_id], [item_type], [item_name], [item_desc], [item_index]) VALUES (441, 1, 1, 7, 31, 1, '2.	Public protection will be erected and areas worked on isolated', '', 2)
INSERT INTO [dbo].[un_co_dept_template_items]([item_id], [co_id], [dept_id], [section_id], [doc_id], [item_type], [item_name], [item_desc], [item_index]) VALUES (442, 1, 1, 7, 31, 1, '3.	Demolition tools to be inspected prior to use', '', 3)
INSERT INTO [dbo].[un_co_dept_template_items]([item_id], [co_id], [dept_id], [section_id], [doc_id], [item_type], [item_name], [item_desc], [item_index]) VALUES (443, 1, 1, 7, 31, 1, '4.	Correct PPE worn at all times', '', 4)
INSERT INTO [dbo].[un_co_dept_template_items]([item_id], [co_id], [dept_id], [section_id], [doc_id], [item_type], [item_name], [item_desc], [item_index]) VALUES (444, 1, 1, 8, 31, 1, 'Med', '', 1)
INSERT INTO [dbo].[un_co_dept_template_items]([item_id], [co_id], [dept_id], [section_id], [doc_id], [item_type], [item_name], [item_desc], [item_index]) VALUES (445, 1, 1, 9, 31, 1, '3', '', 1)
INSERT INTO [dbo].[un_co_dept_template_items]([item_id], [co_id], [dept_id], [section_id], [doc_id], [item_type], [item_name], [item_desc], [item_index]) VALUES (446, 1, 1, 10, 31, 1, '4', '', 1)
INSERT INTO [dbo].[un_co_dept_template_items]([item_id], [co_id], [dept_id], [section_id], [doc_id], [item_type], [item_name], [item_desc], [item_index]) VALUES (447, 1, 1, 11, 31, 1, '1.	Include in general tool box talks', '', 1)
INSERT INTO [dbo].[un_co_dept_template_items]([item_id], [co_id], [dept_id], [section_id], [doc_id], [item_type], [item_name], [item_desc], [item_index]) VALUES (448, 1, 1, 11, 31, 1, '2.	Supervision to ensure that precautions are taken and control measures are followed', '', 2)
INSERT INTO [dbo].[un_co_dept_template_items]([item_id], [co_id], [dept_id], [section_id], [doc_id], [item_type], [item_name], [item_desc], [item_index]) VALUES (449, 1, 1, 12, 31, 1, 'IMMEDIATE', '', 1)
INSERT INTO [dbo].[un_co_dept_template_items]([item_id], [co_id], [dept_id], [section_id], [doc_id], [item_type], [item_name], [item_desc], [item_index]) VALUES (450, 1, 1, 2, 32, 1, 'Working in Confined Spaces', '', 1)
INSERT INTO [dbo].[un_co_dept_template_items]([item_id], [co_id], [dept_id], [section_id], [doc_id], [item_type], [item_name], [item_desc], [item_index]) VALUES (451, 1, 1, 3, 32, 1, 'Health and Safety at Work etc. Act 1974', '', 1)
INSERT INTO [dbo].[un_co_dept_template_items]([item_id], [co_id], [dept_id], [section_id], [doc_id], [item_type], [item_name], [item_desc], [item_index]) VALUES (452, 1, 1, 3, 32, 1, 'CDM 2007', '', 2)
INSERT INTO [dbo].[un_co_dept_template_items]([item_id], [co_id], [dept_id], [section_id], [doc_id], [item_type], [item_name], [item_desc], [item_index]) VALUES (453, 1, 1, 4, 32, 1, '1.	Inhalation of toxic gases', '', 1)
INSERT INTO [dbo].[un_co_dept_template_items]([item_id], [co_id], [dept_id], [section_id], [doc_id], [item_type], [item_name], [item_desc], [item_index]) VALUES (454, 1, 1, 4, 32, 1, '2.	Suffocation', '', 2)
INSERT INTO [dbo].[un_co_dept_template_items]([item_id], [co_id], [dept_id], [section_id], [doc_id], [item_type], [item_name], [item_desc], [item_index]) VALUES (455, 1, 1, 4, 32, 1, '3.	Becoming trapped', '', 3)
INSERT INTO [dbo].[un_co_dept_template_items]([item_id], [co_id], [dept_id], [section_id], [doc_id], [item_type], [item_name], [item_desc], [item_index]) VALUES (456, 1, 1, 4, 32, 1, '4.	Fire', '', 4)
INSERT INTO [dbo].[un_co_dept_template_items]([item_id], [co_id], [dept_id], [section_id], [doc_id], [item_type], [item_name], [item_desc], [item_index]) VALUES (457, 1, 1, 4, 32, 1, '5.	Limited movement', '', 5)
INSERT INTO [dbo].[un_co_dept_template_items]([item_id], [co_id], [dept_id], [section_id], [doc_id], [item_type], [item_name], [item_desc], [item_index]) VALUES (458, 1, 1, 4, 32, 1, '6.	Dangers of equipment (due to proximity)', '', 6)
INSERT INTO [dbo].[un_co_dept_template_items]([item_id], [co_id], [dept_id], [section_id], [doc_id], [item_type], [item_name], [item_desc], [item_index]) VALUES (459, 1, 1, 5, 32, 1, 'Operatives and third parties', '', 1)
INSERT INTO [dbo].[un_co_dept_template_items]([item_id], [co_id], [dept_id], [section_id], [doc_id], [item_type], [item_name], [item_desc], [item_index]) VALUES (460, 1, 1, 6, 32, 1, '6 hrs per day of work, including breaks', '', 1)
INSERT INTO [dbo].[un_co_dept_template_items]([item_id], [co_id], [dept_id], [section_id], [doc_id], [item_type], [item_name], [item_desc], [item_index]) VALUES (461, 1, 1, 7, 32, 1, '1.	Could the work being done be done another way', '', 1)
INSERT INTO [dbo].[un_co_dept_template_items]([item_id], [co_id], [dept_id], [section_id], [doc_id], [item_type], [item_name], [item_desc], [item_index]) VALUES (462, 1, 1, 7, 32, 1, '2.	Ensure safe means of access is provided', '', 2)
INSERT INTO [dbo].[un_co_dept_template_items]([item_id], [co_id], [dept_id], [section_id], [doc_id], [item_type], [item_name], [item_desc], [item_index]) VALUES (463, 1, 1, 7, 32, 1, '3.	Equipment used for access to be regularly inspected', '', 3)
INSERT INTO [dbo].[un_co_dept_template_items]([item_id], [co_id], [dept_id], [section_id], [doc_id], [item_type], [item_name], [item_desc], [item_index]) VALUES (464, 1, 1, 7, 32, 1, '4.	A notice should be erected and the relevant people informed when entering the confined space', '', 4)
INSERT INTO [dbo].[un_co_dept_template_items]([item_id], [co_id], [dept_id], [section_id], [doc_id], [item_type], [item_name], [item_desc], [item_index]) VALUES (465, 1, 1, 7, 32, 1, '5.	Specialist training and inspection procedures to be devised where works involve the use of safety belts and harnesses', '', 5)
INSERT INTO [dbo].[un_co_dept_template_items]([item_id], [co_id], [dept_id], [section_id], [doc_id], [item_type], [item_name], [item_desc], [item_index]) VALUES (466, 1, 1, 8, 32, 1, 'Med', '', 1)
INSERT INTO [dbo].[un_co_dept_template_items]([item_id], [co_id], [dept_id], [section_id], [doc_id], [item_type], [item_name], [item_desc], [item_index]) VALUES (467, 1, 1, 9, 32, 1, '2', '', 1)
INSERT INTO [dbo].[un_co_dept_template_items]([item_id], [co_id], [dept_id], [section_id], [doc_id], [item_type], [item_name], [item_desc], [item_index]) VALUES (468, 1, 1, 10, 32, 1, '9', '', 1)
INSERT INTO [dbo].[un_co_dept_template_items]([item_id], [co_id], [dept_id], [section_id], [doc_id], [item_type], [item_name], [item_desc], [item_index]) VALUES (469, 1, 1, 11, 32, 1, '1.	Training to be provided for supervisors and operatives involved in working confined spaces', '', 1)
INSERT INTO [dbo].[un_co_dept_template_items]([item_id], [co_id], [dept_id], [section_id], [doc_id], [item_type], [item_name], [item_desc], [item_index]) VALUES (470, 1, 1, 11, 32, 1, '2.	Supervision to ensure that precautions are taken and method statement followed', '', 2)
INSERT INTO [dbo].[un_co_dept_template_items]([item_id], [co_id], [dept_id], [section_id], [doc_id], [item_type], [item_name], [item_desc], [item_index]) VALUES (471, 1, 1, 11, 32, 1, '3.	Include information in regular toolbox talks', '', 3)
INSERT INTO [dbo].[un_co_dept_template_items]([item_id], [co_id], [dept_id], [section_id], [doc_id], [item_type], [item_name], [item_desc], [item_index]) VALUES (472, 1, 1, 12, 32, 1, 'IMMEDIATE', '', 1)
INSERT INTO [dbo].[un_co_dept_template_items]([item_id], [co_id], [dept_id], [section_id], [doc_id], [item_type], [item_name], [item_desc], [item_index]) VALUES (473, 1, 1, 2, 33, 1, 'Brickwork/Blockwork', '', 1)
INSERT INTO [dbo].[un_co_dept_template_items]([item_id], [co_id], [dept_id], [section_id], [doc_id], [item_type], [item_name], [item_desc], [item_index]) VALUES (474, 1, 1, 3, 33, 1, 'Health and Safety at Work etc. Act 1974', '', 1)
INSERT INTO [dbo].[un_co_dept_template_items]([item_id], [co_id], [dept_id], [section_id], [doc_id], [item_type], [item_name], [item_desc], [item_index]) VALUES (475, 1, 1, 4, 33, 1, '1.	Manual handing related injuries', '', 1)
INSERT INTO [dbo].[un_co_dept_template_items]([item_id], [co_id], [dept_id], [section_id], [doc_id], [item_type], [item_name], [item_desc], [item_index]) VALUES (476, 1, 1, 4, 33, 1, '2.	Contact with hidden services', '', 2)
INSERT INTO [dbo].[un_co_dept_template_items]([item_id], [co_id], [dept_id], [section_id], [doc_id], [item_type], [item_name], [item_desc], [item_index]) VALUES (477, 1, 1, 4, 33, 1, '3.	Danger to public', '', 3)
INSERT INTO [dbo].[un_co_dept_template_items]([item_id], [co_id], [dept_id], [section_id], [doc_id], [item_type], [item_name], [item_desc], [item_index]) VALUES (478, 1, 1, 5, 33, 1, 'Operatives and Third Parties', '', 1)
INSERT INTO [dbo].[un_co_dept_template_items]([item_id], [co_id], [dept_id], [section_id], [doc_id], [item_type], [item_name], [item_desc], [item_index]) VALUES (479, 1, 1, 6, 33, 1, 'Infrequent', '', 1)
INSERT INTO [dbo].[un_co_dept_template_items]([item_id], [co_id], [dept_id], [section_id], [doc_id], [item_type], [item_name], [item_desc], [item_index]) VALUES (480, 1, 1, 7, 33, 1, '1.	Ensure manual handling procedures are followed.', '', 1)
INSERT INTO [dbo].[un_co_dept_template_items]([item_id], [co_id], [dept_id], [section_id], [doc_id], [item_type], [item_name], [item_desc], [item_index]) VALUES (481, 1, 1, 7, 33, 1, '2.	Public protection will be erected and areas worked on isolated', '', 2)
INSERT INTO [dbo].[un_co_dept_template_items]([item_id], [co_id], [dept_id], [section_id], [doc_id], [item_type], [item_name], [item_desc], [item_index]) VALUES (482, 1, 1, 7, 33, 1, '3.	Demolition tools to be inspected prior to use', '', 3)
INSERT INTO [dbo].[un_co_dept_template_items]([item_id], [co_id], [dept_id], [section_id], [doc_id], [item_type], [item_name], [item_desc], [item_index]) VALUES (483, 1, 1, 7, 33, 1, '4.	Correct PPE worn at all times', '', 4)
INSERT INTO [dbo].[un_co_dept_template_items]([item_id], [co_id], [dept_id], [section_id], [doc_id], [item_type], [item_name], [item_desc], [item_index]) VALUES (484, 1, 1, 8, 33, 1, 'Med', '', 1)
INSERT INTO [dbo].[un_co_dept_template_items]([item_id], [co_id], [dept_id], [section_id], [doc_id], [item_type], [item_name], [item_desc], [item_index]) VALUES (485, 1, 1, 9, 33, 1, '3', '', 1)
INSERT INTO [dbo].[un_co_dept_template_items]([item_id], [co_id], [dept_id], [section_id], [doc_id], [item_type], [item_name], [item_desc], [item_index]) VALUES (486, 1, 1, 10, 33, 1, '4', '', 1)
INSERT INTO [dbo].[un_co_dept_template_items]([item_id], [co_id], [dept_id], [section_id], [doc_id], [item_type], [item_name], [item_desc], [item_index]) VALUES (487, 1, 1, 11, 33, 1, '1.	Include in general tool box talks', '', 1)
INSERT INTO [dbo].[un_co_dept_template_items]([item_id], [co_id], [dept_id], [section_id], [doc_id], [item_type], [item_name], [item_desc], [item_index]) VALUES (488, 1, 1, 11, 33, 1, '2.	Supervision to ensure that precautions are taken and control measures are followed', '', 2)
INSERT INTO [dbo].[un_co_dept_template_items]([item_id], [co_id], [dept_id], [section_id], [doc_id], [item_type], [item_name], [item_desc], [item_index]) VALUES (489, 1, 1, 12, 33, 1, 'IMMEDIATE', '', 1)
INSERT INTO [dbo].[un_co_dept_template_items]([item_id], [co_id], [dept_id], [section_id], [doc_id], [item_type], [item_name], [item_desc], [item_index]) VALUES (490, 1, 1, 2, 34, 1, 'Removal of tiles from roof/Replacement of timbers/Fitting new felt and battens & fitting new tiles', '', 1)
INSERT INTO [dbo].[un_co_dept_template_items]([item_id], [co_id], [dept_id], [section_id], [doc_id], [item_type], [item_name], [item_desc], [item_index]) VALUES (491, 1, 1, 3, 34, 1, 'Health and Safety at Work etc. Act 1974', '', 1)
INSERT INTO [dbo].[un_co_dept_template_items]([item_id], [co_id], [dept_id], [section_id], [doc_id], [item_type], [item_name], [item_desc], [item_index]) VALUES (492, 1, 1, 3, 34, 1, 'CDM 2007', '', 2)
INSERT INTO [dbo].[un_co_dept_template_items]([item_id], [co_id], [dept_id], [section_id], [doc_id], [item_type], [item_name], [item_desc], [item_index]) VALUES (493, 1, 1, 4, 34, 1, '1.	Falls of persons', '', 1)
INSERT INTO [dbo].[un_co_dept_template_items]([item_id], [co_id], [dept_id], [section_id], [doc_id], [item_type], [item_name], [item_desc], [item_index]) VALUES (494, 1, 1, 4, 34, 1, '2.	Falls of equipment / tools', '', 2)
INSERT INTO [dbo].[un_co_dept_template_items]([item_id], [co_id], [dept_id], [section_id], [doc_id], [item_type], [item_name], [item_desc], [item_index]) VALUES (495, 1, 1, 4, 34, 1, '3.	Collapse of scaffold due to overloading', '', 3)
INSERT INTO [dbo].[un_co_dept_template_items]([item_id], [co_id], [dept_id], [section_id], [doc_id], [item_type], [item_name], [item_desc], [item_index]) VALUES (496, 1, 1, 4, 34, 1, '4.	Materials falling from scaffold', '', 4)
INSERT INTO [dbo].[un_co_dept_template_items]([item_id], [co_id], [dept_id], [section_id], [doc_id], [item_type], [item_name], [item_desc], [item_index]) VALUES (497, 1, 1, 5, 34, 1, 'Operatives and third parties', '', 1)
INSERT INTO [dbo].[un_co_dept_template_items]([item_id], [co_id], [dept_id], [section_id], [doc_id], [item_type], [item_name], [item_desc], [item_index]) VALUES (498, 1, 1, 6, 34, 1, '6 hrs per day of work, including breaks', '', 1)
INSERT INTO [dbo].[un_co_dept_template_items]([item_id], [co_id], [dept_id], [section_id], [doc_id], [item_type], [item_name], [item_desc], [item_index]) VALUES (499, 1, 1, 7, 34, 1, '1.	Ensure scaffold has been approved for working on', '', 1)
INSERT INTO [dbo].[un_co_dept_template_items]([item_id], [co_id], [dept_id], [section_id], [doc_id], [item_type], [item_name], [item_desc], [item_index]) VALUES (500, 1, 1, 7, 34, 1, '2.	Keep the storage of materials or waste to a minimum on scaffold', '', 2)
INSERT INTO [dbo].[un_co_dept_template_items]([item_id], [co_id], [dept_id], [section_id], [doc_id], [item_type], [item_name], [item_desc], [item_index]) VALUES (501, 1, 1, 7, 34, 1, '3.	Protection for the public and others in the vicinity to be achieved by segregation of scaffold/works by means of suitable barriers', '', 3)
INSERT INTO [dbo].[un_co_dept_template_items]([item_id], [co_id], [dept_id], [section_id], [doc_id], [item_type], [item_name], [item_desc], [item_index]) VALUES (502, 1, 1, 7, 34, 1, '4.	Ensure safe access to scaffold', '', 4)
INSERT INTO [dbo].[un_co_dept_template_items]([item_id], [co_id], [dept_id], [section_id], [doc_id], [item_type], [item_name], [item_desc], [item_index]) VALUES (503, 1, 1, 7, 34, 1, '5.	Suitable means of lowering damaged/not reusable tiles to skip area.', '', 5)
INSERT INTO [dbo].[un_co_dept_template_items]([item_id], [co_id], [dept_id], [section_id], [doc_id], [item_type], [item_name], [item_desc], [item_index]) VALUES (504, 1, 1, 7, 34, 1, '6.	Suitable means of lifting timbers, battens and new tiles to roof height.', '', 6)
INSERT INTO [dbo].[un_co_dept_template_items]([item_id], [co_id], [dept_id], [section_id], [doc_id], [item_type], [item_name], [item_desc], [item_index]) VALUES (505, 1, 1, 7, 34, 1, '7.	Suitably sign and where possible highlight dangers during any tenants forums.', '', 7)
INSERT INTO [dbo].[un_co_dept_template_items]([item_id], [co_id], [dept_id], [section_id], [doc_id], [item_type], [item_name], [item_desc], [item_index]) VALUES (506, 1, 1, 8, 34, 1, 'Low/Medium', '', 1)
INSERT INTO [dbo].[un_co_dept_template_items]([item_id], [co_id], [dept_id], [section_id], [doc_id], [item_type], [item_name], [item_desc], [item_index]) VALUES (507, 1, 1, 9, 34, 1, '3', '', 1)
INSERT INTO [dbo].[un_co_dept_template_items]([item_id], [co_id], [dept_id], [section_id], [doc_id], [item_type], [item_name], [item_desc], [item_index]) VALUES (508, 1, 1, 10, 34, 1, '3', '', 1)
INSERT INTO [dbo].[un_co_dept_template_items]([item_id], [co_id], [dept_id], [section_id], [doc_id], [item_type], [item_name], [item_desc], [item_index]) VALUES (509, 1, 1, 11, 34, 1, '1.	Training to be provided for supervisors and operatives involved in the use of access scaffolding', '', 1)
INSERT INTO [dbo].[un_co_dept_template_items]([item_id], [co_id], [dept_id], [section_id], [doc_id], [item_type], [item_name], [item_desc], [item_index]) VALUES (510, 1, 1, 11, 34, 1, '2.	Supervision to ensure that precautions are taken and method statement followed', '', 2)
INSERT INTO [dbo].[un_co_dept_template_items]([item_id], [co_id], [dept_id], [section_id], [doc_id], [item_type], [item_name], [item_desc], [item_index]) VALUES (511, 1, 1, 11, 34, 1, '3.	Include information in regular toolbox talks', '', 3)
INSERT INTO [dbo].[un_co_dept_template_items]([item_id], [co_id], [dept_id], [section_id], [doc_id], [item_type], [item_name], [item_desc], [item_index]) VALUES (512, 1, 1, 12, 34, 1, 'IMMEDIATE', '', 1)
INSERT INTO [dbo].[un_co_dept_template_items]([item_id], [co_id], [dept_id], [section_id], [doc_id], [item_type], [item_name], [item_desc], [item_index]) VALUES (513, 1, 1, 2, 35, 1, 'Demolition', '', 1)
INSERT INTO [dbo].[un_co_dept_template_items]([item_id], [co_id], [dept_id], [section_id], [doc_id], [item_type], [item_name], [item_desc], [item_index]) VALUES (514, 1, 1, 3, 35, 1, 'Health and Safety at Work etc. Act 1974', '', 1)
INSERT INTO [dbo].[un_co_dept_template_items]([item_id], [co_id], [dept_id], [section_id], [doc_id], [item_type], [item_name], [item_desc], [item_index]) VALUES (515, 1, 1, 4, 35, 1, '1.	Fall of materials/equipment tools', '', 1)
INSERT INTO [dbo].[un_co_dept_template_items]([item_id], [co_id], [dept_id], [section_id], [doc_id], [item_type], [item_name], [item_desc], [item_index]) VALUES (516, 1, 1, 4, 35, 1, '2.	Manual handing related injuries', '', 2)
INSERT INTO [dbo].[un_co_dept_template_items]([item_id], [co_id], [dept_id], [section_id], [doc_id], [item_type], [item_name], [item_desc], [item_index]) VALUES (517, 1, 1, 4, 35, 1, '3.	Contact with hidden services', '', 3)
INSERT INTO [dbo].[un_co_dept_template_items]([item_id], [co_id], [dept_id], [section_id], [doc_id], [item_type], [item_name], [item_desc], [item_index]) VALUES (518, 1, 1, 5, 35, 1, 'Operatives and Third Parties', '', 1)
INSERT INTO [dbo].[un_co_dept_template_items]([item_id], [co_id], [dept_id], [section_id], [doc_id], [item_type], [item_name], [item_desc], [item_index]) VALUES (519, 1, 1, 6, 35, 1, 'Infrequent', '', 1)
INSERT INTO [dbo].[un_co_dept_template_items]([item_id], [co_id], [dept_id], [section_id], [doc_id], [item_type], [item_name], [item_desc], [item_index]) VALUES (520, 1, 1, 7, 35, 1, '1.	Ensure manual handling procedures are followed.', '', 1)
INSERT INTO [dbo].[un_co_dept_template_items]([item_id], [co_id], [dept_id], [section_id], [doc_id], [item_type], [item_name], [item_desc], [item_index]) VALUES (521, 1, 1, 7, 35, 1, '2.	Services will be terminated/isolated prior to commencing works', '', 2)
INSERT INTO [dbo].[un_co_dept_template_items]([item_id], [co_id], [dept_id], [section_id], [doc_id], [item_type], [item_name], [item_desc], [item_index]) VALUES (522, 1, 1, 7, 35, 1, '3.	Demolition tools to be inspected prior to use', '', 3)
INSERT INTO [dbo].[un_co_dept_template_items]([item_id], [co_id], [dept_id], [section_id], [doc_id], [item_type], [item_name], [item_desc], [item_index]) VALUES (523, 1, 1, 8, 35, 1, 'Low', '', 1)
INSERT INTO [dbo].[un_co_dept_template_items]([item_id], [co_id], [dept_id], [section_id], [doc_id], [item_type], [item_name], [item_desc], [item_index]) VALUES (524, 1, 1, 9, 35, 1, '3', '', 1)
INSERT INTO [dbo].[un_co_dept_template_items]([item_id], [co_id], [dept_id], [section_id], [doc_id], [item_type], [item_name], [item_desc], [item_index]) VALUES (525, 1, 1, 10, 35, 1, '3', '', 1)
INSERT INTO [dbo].[un_co_dept_template_items]([item_id], [co_id], [dept_id], [section_id], [doc_id], [item_type], [item_name], [item_desc], [item_index]) VALUES (526, 1, 1, 11, 35, 1, '1.	Include in general tool box talks', '', 1)
INSERT INTO [dbo].[un_co_dept_template_items]([item_id], [co_id], [dept_id], [section_id], [doc_id], [item_type], [item_name], [item_desc], [item_index]) VALUES (527, 1, 1, 11, 35, 1, '2.	Supervision to ensure that precautions are taken and control measures are followed', '', 2)
INSERT INTO [dbo].[un_co_dept_template_items]([item_id], [co_id], [dept_id], [section_id], [doc_id], [item_type], [item_name], [item_desc], [item_index]) VALUES (528, 1, 1, 12, 35, 1, 'IMMEDIATE', '', 1)
INSERT INTO [dbo].[un_co_dept_template_items]([item_id], [co_id], [dept_id], [section_id], [doc_id], [item_type], [item_name], [item_desc], [item_index]) VALUES (529, 1, 1, 2, 36, 1, 'External Decorations', '', 1)
INSERT INTO [dbo].[un_co_dept_template_items]([item_id], [co_id], [dept_id], [section_id], [doc_id], [item_type], [item_name], [item_desc], [item_index]) VALUES (530, 1, 1, 3, 36, 1, 'Health and Safety at Work etc. Act 1974', '', 1)
INSERT INTO [dbo].[un_co_dept_template_items]([item_id], [co_id], [dept_id], [section_id], [doc_id], [item_type], [item_name], [item_desc], [item_index]) VALUES (531, 1, 1, 3, 36, 1, 'British Standards ', '', 2)
INSERT INTO [dbo].[un_co_dept_template_items]([item_id], [co_id], [dept_id], [section_id], [doc_id], [item_type], [item_name], [item_desc], [item_index]) VALUES (532, 1, 1, 3, 36, 1, 'Working at height 2005', '', 3)
INSERT INTO [dbo].[un_co_dept_template_items]([item_id], [co_id], [dept_id], [section_id], [doc_id], [item_type], [item_name], [item_desc], [item_index]) VALUES (533, 1, 1, 3, 36, 1, 'Kier Red Tops relating to working at height.', '', 4)
INSERT INTO [dbo].[un_co_dept_template_items]([item_id], [co_id], [dept_id], [section_id], [doc_id], [item_type], [item_name], [item_desc], [item_index]) VALUES (534, 1, 1, 4, 36, 1, '1.	Falls from height', '', 1)
INSERT INTO [dbo].[un_co_dept_template_items]([item_id], [co_id], [dept_id], [section_id], [doc_id], [item_type], [item_name], [item_desc], [item_index]) VALUES (535, 1, 1, 4, 36, 1, '2.	Slips and trips', '', 2)
INSERT INTO [dbo].[un_co_dept_template_items]([item_id], [co_id], [dept_id], [section_id], [doc_id], [item_type], [item_name], [item_desc], [item_index]) VALUES (536, 1, 1, 4, 36, 1, '3.	Fumes from materials', '', 3)
INSERT INTO [dbo].[un_co_dept_template_items]([item_id], [co_id], [dept_id], [section_id], [doc_id], [item_type], [item_name], [item_desc], [item_index]) VALUES (537, 1, 1, 5, 36, 1, 'Operatives and Tenants', '', 1)
INSERT INTO [dbo].[un_co_dept_template_items]([item_id], [co_id], [dept_id], [section_id], [doc_id], [item_type], [item_name], [item_desc], [item_index]) VALUES (538, 1, 1, 6, 36, 1, 'Infrequent', '', 1)
INSERT INTO [dbo].[un_co_dept_template_items]([item_id], [co_id], [dept_id], [section_id], [doc_id], [item_type], [item_name], [item_desc], [item_index]) VALUES (539, 1, 1, 7, 36, 1, '1.	Ensure workforce are competent and trained to current industry standards', '', 1)
INSERT INTO [dbo].[un_co_dept_template_items]([item_id], [co_id], [dept_id], [section_id], [doc_id], [item_type], [item_name], [item_desc], [item_index]) VALUES (540, 1, 1, 7, 36, 1, '2.	Contractor to use good handling techniques.', '', 2)
INSERT INTO [dbo].[un_co_dept_template_items]([item_id], [co_id], [dept_id], [section_id], [doc_id], [item_type], [item_name], [item_desc], [item_index]) VALUES (541, 1, 1, 7, 36, 1, '3.	Ensure correct PPE is worn at all times', '', 3)
INSERT INTO [dbo].[un_co_dept_template_items]([item_id], [co_id], [dept_id], [section_id], [doc_id], [item_type], [item_name], [item_desc], [item_index]) VALUES (542, 1, 1, 7, 36, 1, '4.	Reference is made to COSHH assessments', '', 4)
INSERT INTO [dbo].[un_co_dept_template_items]([item_id], [co_id], [dept_id], [section_id], [doc_id], [item_type], [item_name], [item_desc], [item_index]) VALUES (543, 1, 1, 7, 36, 1, '5.	A clear and tidy working area.', '', 5)
INSERT INTO [dbo].[un_co_dept_template_items]([item_id], [co_id], [dept_id], [section_id], [doc_id], [item_type], [item_name], [item_desc], [item_index]) VALUES (544, 1, 1, 8, 36, 1, 'Low', '', 1)
INSERT INTO [dbo].[un_co_dept_template_items]([item_id], [co_id], [dept_id], [section_id], [doc_id], [item_type], [item_name], [item_desc], [item_index]) VALUES (545, 1, 1, 9, 36, 1, '2', '', 1)
INSERT INTO [dbo].[un_co_dept_template_items]([item_id], [co_id], [dept_id], [section_id], [doc_id], [item_type], [item_name], [item_desc], [item_index]) VALUES (546, 1, 1, 10, 36, 1, '2', '', 1)
INSERT INTO [dbo].[un_co_dept_template_items]([item_id], [co_id], [dept_id], [section_id], [doc_id], [item_type], [item_name], [item_desc], [item_index]) VALUES (547, 1, 1, 11, 36, 1, '1.	Supervision to ensure that precautions are taken and control measures are followed', '', 1)
INSERT INTO [dbo].[un_co_dept_template_items]([item_id], [co_id], [dept_id], [section_id], [doc_id], [item_type], [item_name], [item_desc], [item_index]) VALUES (548, 1, 1, 12, 36, 1, 'IMMEDIATE', '', 1)
INSERT INTO [dbo].[un_co_dept_template_items]([item_id], [co_id], [dept_id], [section_id], [doc_id], [item_type], [item_name], [item_desc], [item_index]) VALUES (549, 1, 1, 2, 37, 1, 'Fencing', '', 1)
INSERT INTO [dbo].[un_co_dept_template_items]([item_id], [co_id], [dept_id], [section_id], [doc_id], [item_type], [item_name], [item_desc], [item_index]) VALUES (550, 1, 1, 3, 37, 1, 'Health and Safety at Work etc. Act 1974', '', 1)
INSERT INTO [dbo].[un_co_dept_template_items]([item_id], [co_id], [dept_id], [section_id], [doc_id], [item_type], [item_name], [item_desc], [item_index]) VALUES (551, 1, 1, 4, 37, 1, '1.	Manual handing related injuries', '', 1)
INSERT INTO [dbo].[un_co_dept_template_items]([item_id], [co_id], [dept_id], [section_id], [doc_id], [item_type], [item_name], [item_desc], [item_index]) VALUES (552, 1, 1, 4, 37, 1, '2.	Contact with hidden services', '', 2)
INSERT INTO [dbo].[un_co_dept_template_items]([item_id], [co_id], [dept_id], [section_id], [doc_id], [item_type], [item_name], [item_desc], [item_index]) VALUES (553, 1, 1, 4, 37, 1, '3.	Danger to public', '', 3)
INSERT INTO [dbo].[un_co_dept_template_items]([item_id], [co_id], [dept_id], [section_id], [doc_id], [item_type], [item_name], [item_desc], [item_index]) VALUES (554, 1, 1, 4, 37, 1, '4.	Noise pollution', '', 4)
INSERT INTO [dbo].[un_co_dept_template_items]([item_id], [co_id], [dept_id], [section_id], [doc_id], [item_type], [item_name], [item_desc], [item_index]) VALUES (555, 1, 1, 5, 37, 1, 'Operatives and Third Parties', '', 1)
INSERT INTO [dbo].[un_co_dept_template_items]([item_id], [co_id], [dept_id], [section_id], [doc_id], [item_type], [item_name], [item_desc], [item_index]) VALUES (556, 1, 1, 6, 37, 1, 'Infrequent', '', 1)
INSERT INTO [dbo].[un_co_dept_template_items]([item_id], [co_id], [dept_id], [section_id], [doc_id], [item_type], [item_name], [item_desc], [item_index]) VALUES (557, 1, 1, 7, 37, 1, '1.	Ensure manual handling procedures are followed.', '', 1)
INSERT INTO [dbo].[un_co_dept_template_items]([item_id], [co_id], [dept_id], [section_id], [doc_id], [item_type], [item_name], [item_desc], [item_index]) VALUES (558, 1, 1, 7, 37, 1, '2.	Public protection will be erected and areas worked on isolated', '', 2)
INSERT INTO [dbo].[un_co_dept_template_items]([item_id], [co_id], [dept_id], [section_id], [doc_id], [item_type], [item_name], [item_desc], [item_index]) VALUES (559, 1, 1, 7, 37, 1, '3.	Demolition tools to be inspected prior to use', '', 3)
INSERT INTO [dbo].[un_co_dept_template_items]([item_id], [co_id], [dept_id], [section_id], [doc_id], [item_type], [item_name], [item_desc], [item_index]) VALUES (560, 1, 1, 7, 37, 1, '4.	Correct PPE worn at all times', '', 4)
INSERT INTO [dbo].[un_co_dept_template_items]([item_id], [co_id], [dept_id], [section_id], [doc_id], [item_type], [item_name], [item_desc], [item_index]) VALUES (561, 1, 1, 8, 37, 1, 'Med', '', 1)
INSERT INTO [dbo].[un_co_dept_template_items]([item_id], [co_id], [dept_id], [section_id], [doc_id], [item_type], [item_name], [item_desc], [item_index]) VALUES (562, 1, 1, 9, 37, 1, '3', '', 1)
INSERT INTO [dbo].[un_co_dept_template_items]([item_id], [co_id], [dept_id], [section_id], [doc_id], [item_type], [item_name], [item_desc], [item_index]) VALUES (563, 1, 1, 10, 37, 1, '4', '', 1)
INSERT INTO [dbo].[un_co_dept_template_items]([item_id], [co_id], [dept_id], [section_id], [doc_id], [item_type], [item_name], [item_desc], [item_index]) VALUES (564, 1, 1, 11, 37, 1, '1.	Include in general tool box talks', '', 1)
INSERT INTO [dbo].[un_co_dept_template_items]([item_id], [co_id], [dept_id], [section_id], [doc_id], [item_type], [item_name], [item_desc], [item_index]) VALUES (565, 1, 1, 11, 37, 1, '2.	Supervision to ensure that precautions are taken and control measures are followed', '', 2)
INSERT INTO [dbo].[un_co_dept_template_items]([item_id], [co_id], [dept_id], [section_id], [doc_id], [item_type], [item_name], [item_desc], [item_index]) VALUES (566, 1, 1, 12, 37, 1, 'IMMEDIATE', '', 1)
INSERT INTO [dbo].[un_co_dept_template_items]([item_id], [co_id], [dept_id], [section_id], [doc_id], [item_type], [item_name], [item_desc], [item_index]) VALUES (567, 1, 1, 2, 38, 1, 'Glazing', '', 1)
INSERT INTO [dbo].[un_co_dept_template_items]([item_id], [co_id], [dept_id], [section_id], [doc_id], [item_type], [item_name], [item_desc], [item_index]) VALUES (568, 1, 1, 3, 38, 1, 'Health and Safety at Work etc. Act 1974', '', 1)
INSERT INTO [dbo].[un_co_dept_template_items]([item_id], [co_id], [dept_id], [section_id], [doc_id], [item_type], [item_name], [item_desc], [item_index]) VALUES (569, 1, 1, 4, 38, 1, '1.	Manual handing related injuries', '', 1)
INSERT INTO [dbo].[un_co_dept_template_items]([item_id], [co_id], [dept_id], [section_id], [doc_id], [item_type], [item_name], [item_desc], [item_index]) VALUES (570, 1, 1, 4, 38, 1, '2.	Removal of existing unit for replacement', '', 2)
INSERT INTO [dbo].[un_co_dept_template_items]([item_id], [co_id], [dept_id], [section_id], [doc_id], [item_type], [item_name], [item_desc], [item_index]) VALUES (571, 1, 1, 4, 38, 1, '3.	Broken Glass ', '', 3)
INSERT INTO [dbo].[un_co_dept_template_items]([item_id], [co_id], [dept_id], [section_id], [doc_id], [item_type], [item_name], [item_desc], [item_index]) VALUES (572, 1, 1, 4, 38, 1, '4.	Installation new units and glass, trapped fingers', '', 4)
INSERT INTO [dbo].[un_co_dept_template_items]([item_id], [co_id], [dept_id], [section_id], [doc_id], [item_type], [item_name], [item_desc], [item_index]) VALUES (573, 1, 1, 4, 38, 1, '5.	Danger to public', '', 5)
INSERT INTO [dbo].[un_co_dept_template_items]([item_id], [co_id], [dept_id], [section_id], [doc_id], [item_type], [item_name], [item_desc], [item_index]) VALUES (574, 1, 1, 5, 38, 1, 'Operatives and Third Parties', '', 1)
INSERT INTO [dbo].[un_co_dept_template_items]([item_id], [co_id], [dept_id], [section_id], [doc_id], [item_type], [item_name], [item_desc], [item_index]) VALUES (575, 1, 1, 6, 38, 1, 'Infrequent', '', 1)
INSERT INTO [dbo].[un_co_dept_template_items]([item_id], [co_id], [dept_id], [section_id], [doc_id], [item_type], [item_name], [item_desc], [item_index]) VALUES (576, 1, 1, 7, 38, 1, '1.	Ensure manual handling procedures are followed.', '', 1)
INSERT INTO [dbo].[un_co_dept_template_items]([item_id], [co_id], [dept_id], [section_id], [doc_id], [item_type], [item_name], [item_desc], [item_index]) VALUES (577, 1, 1, 7, 38, 1, '2.	Public protection will be erected and areas worked on isolated', '', 2)
INSERT INTO [dbo].[un_co_dept_template_items]([item_id], [co_id], [dept_id], [section_id], [doc_id], [item_type], [item_name], [item_desc], [item_index]) VALUES (578, 1, 1, 7, 38, 1, '3.	Good communication if group lifting.', '', 3)
INSERT INTO [dbo].[un_co_dept_template_items]([item_id], [co_id], [dept_id], [section_id], [doc_id], [item_type], [item_name], [item_desc], [item_index]) VALUES (579, 1, 1, 7, 38, 1, '4.	Correct PPE worn at all times', '', 4)
INSERT INTO [dbo].[un_co_dept_template_items]([item_id], [co_id], [dept_id], [section_id], [doc_id], [item_type], [item_name], [item_desc], [item_index]) VALUES (580, 1, 1, 8, 38, 1, 'Med', '', 1)
INSERT INTO [dbo].[un_co_dept_template_items]([item_id], [co_id], [dept_id], [section_id], [doc_id], [item_type], [item_name], [item_desc], [item_index]) VALUES (581, 1, 1, 9, 38, 1, '3', '', 1)
INSERT INTO [dbo].[un_co_dept_template_items]([item_id], [co_id], [dept_id], [section_id], [doc_id], [item_type], [item_name], [item_desc], [item_index]) VALUES (582, 1, 1, 10, 38, 1, '4', '', 1)
INSERT INTO [dbo].[un_co_dept_template_items]([item_id], [co_id], [dept_id], [section_id], [doc_id], [item_type], [item_name], [item_desc], [item_index]) VALUES (583, 1, 1, 11, 38, 1, '1.	Include in general tool box talks', '', 1)
INSERT INTO [dbo].[un_co_dept_template_items]([item_id], [co_id], [dept_id], [section_id], [doc_id], [item_type], [item_name], [item_desc], [item_index]) VALUES (584, 1, 1, 11, 38, 1, '2.	Supervision to ensure that precautions are taken and control measures are followed', '', 2)
INSERT INTO [dbo].[un_co_dept_template_items]([item_id], [co_id], [dept_id], [section_id], [doc_id], [item_type], [item_name], [item_desc], [item_index]) VALUES (585, 1, 1, 12, 38, 1, 'IMMEDIATE', '', 1)
INSERT INTO [dbo].[un_co_dept_template_items]([item_id], [co_id], [dept_id], [section_id], [doc_id], [item_type], [item_name], [item_desc], [item_index]) VALUES (586, 1, 1, 2, 39, 1, 'Fitting a Garage Door', '', 1)
INSERT INTO [dbo].[un_co_dept_template_items]([item_id], [co_id], [dept_id], [section_id], [doc_id], [item_type], [item_name], [item_desc], [item_index]) VALUES (587, 1, 1, 3, 39, 1, 'Health and Safety at Work etc. Act 1974', '', 1)
INSERT INTO [dbo].[un_co_dept_template_items]([item_id], [co_id], [dept_id], [section_id], [doc_id], [item_type], [item_name], [item_desc], [item_index]) VALUES (588, 1, 1, 4, 39, 1, '1.	Manual handing related injuries', '', 1)
INSERT INTO [dbo].[un_co_dept_template_items]([item_id], [co_id], [dept_id], [section_id], [doc_id], [item_type], [item_name], [item_desc], [item_index]) VALUES (589, 1, 1, 4, 39, 1, '2.	Removal of existing unit for replacement', '', 2)
INSERT INTO [dbo].[un_co_dept_template_items]([item_id], [co_id], [dept_id], [section_id], [doc_id], [item_type], [item_name], [item_desc], [item_index]) VALUES (590, 1, 1, 4, 39, 1, '3.	Installation new door, trapped fingers', '', 3)
INSERT INTO [dbo].[un_co_dept_template_items]([item_id], [co_id], [dept_id], [section_id], [doc_id], [item_type], [item_name], [item_desc], [item_index]) VALUES (591, 1, 1, 4, 39, 1, '4.	Danger to public', '', 4)
INSERT INTO [dbo].[un_co_dept_template_items]([item_id], [co_id], [dept_id], [section_id], [doc_id], [item_type], [item_name], [item_desc], [item_index]) VALUES (592, 1, 1, 5, 39, 1, 'Operatives and Third Parties', '', 1)
INSERT INTO [dbo].[un_co_dept_template_items]([item_id], [co_id], [dept_id], [section_id], [doc_id], [item_type], [item_name], [item_desc], [item_index]) VALUES (593, 1, 1, 6, 39, 1, 'Infrequent', '', 1)
INSERT INTO [dbo].[un_co_dept_template_items]([item_id], [co_id], [dept_id], [section_id], [doc_id], [item_type], [item_name], [item_desc], [item_index]) VALUES (594, 1, 1, 7, 39, 1, '1.	Ensure manual handling procedures are followed.', '', 1)
INSERT INTO [dbo].[un_co_dept_template_items]([item_id], [co_id], [dept_id], [section_id], [doc_id], [item_type], [item_name], [item_desc], [item_index]) VALUES (595, 1, 1, 7, 39, 1, '2.	Public protection will be erected and areas worked on isolated', '', 2)
INSERT INTO [dbo].[un_co_dept_template_items]([item_id], [co_id], [dept_id], [section_id], [doc_id], [item_type], [item_name], [item_desc], [item_index]) VALUES (596, 1, 1, 7, 39, 1, '3.	Good communication if group lifting.', '', 3)
INSERT INTO [dbo].[un_co_dept_template_items]([item_id], [co_id], [dept_id], [section_id], [doc_id], [item_type], [item_name], [item_desc], [item_index]) VALUES (597, 1, 1, 7, 39, 1, '4.	Correct PPE worn at all times', '', 4)
INSERT INTO [dbo].[un_co_dept_template_items]([item_id], [co_id], [dept_id], [section_id], [doc_id], [item_type], [item_name], [item_desc], [item_index]) VALUES (598, 1, 1, 8, 39, 1, 'Med', '', 1)
INSERT INTO [dbo].[un_co_dept_template_items]([item_id], [co_id], [dept_id], [section_id], [doc_id], [item_type], [item_name], [item_desc], [item_index]) VALUES (599, 1, 1, 9, 39, 1, '3', '', 1)
INSERT INTO [dbo].[un_co_dept_template_items]([item_id], [co_id], [dept_id], [section_id], [doc_id], [item_type], [item_name], [item_desc], [item_index]) VALUES (600, 1, 1, 10, 39, 1, '4', '', 1)
INSERT INTO [dbo].[un_co_dept_template_items]([item_id], [co_id], [dept_id], [section_id], [doc_id], [item_type], [item_name], [item_desc], [item_index]) VALUES (601, 1, 1, 11, 39, 1, '1.	Include in general tool box talks', '', 1)
INSERT INTO [dbo].[un_co_dept_template_items]([item_id], [co_id], [dept_id], [section_id], [doc_id], [item_type], [item_name], [item_desc], [item_index]) VALUES (602, 1, 1, 11, 39, 1, '2.	Supervision to ensure that precautions are taken and control measures are followed', '', 2)
INSERT INTO [dbo].[un_co_dept_template_items]([item_id], [co_id], [dept_id], [section_id], [doc_id], [item_type], [item_name], [item_desc], [item_index]) VALUES (603, 1, 1, 12, 39, 1, 'IMMEDIATE', '', 1)
INSERT INTO [dbo].[un_co_dept_template_items]([item_id], [co_id], [dept_id], [section_id], [doc_id], [item_type], [item_name], [item_desc], [item_index]) VALUES (604, 1, 1, 2, 40, 1, 'Powerwashing/Pressure Washing', '', 1)
INSERT INTO [dbo].[un_co_dept_template_items]([item_id], [co_id], [dept_id], [section_id], [doc_id], [item_type], [item_name], [item_desc], [item_index]) VALUES (605, 1, 1, 3, 40, 1, 'Health and Safety at Work etc. Act 1974', '', 1)
INSERT INTO [dbo].[un_co_dept_template_items]([item_id], [co_id], [dept_id], [section_id], [doc_id], [item_type], [item_name], [item_desc], [item_index]) VALUES (606, 1, 1, 4, 40, 1, '1.	Manual handing related injuries', '', 1)
INSERT INTO [dbo].[un_co_dept_template_items]([item_id], [co_id], [dept_id], [section_id], [doc_id], [item_type], [item_name], [item_desc], [item_index]) VALUES (607, 1, 1, 4, 40, 1, '2.	Injuries from water jet', '', 2)
INSERT INTO [dbo].[un_co_dept_template_items]([item_id], [co_id], [dept_id], [section_id], [doc_id], [item_type], [item_name], [item_desc], [item_index]) VALUES (608, 1, 1, 4, 40, 1, '3.	Water on floor making areas slippery.', '', 3)
INSERT INTO [dbo].[un_co_dept_template_items]([item_id], [co_id], [dept_id], [section_id], [doc_id], [item_type], [item_name], [item_desc], [item_index]) VALUES (609, 1, 1, 4, 40, 1, '4.	Danger to public', '', 4)
INSERT INTO [dbo].[un_co_dept_template_items]([item_id], [co_id], [dept_id], [section_id], [doc_id], [item_type], [item_name], [item_desc], [item_index]) VALUES (610, 1, 1, 5, 40, 1, 'Operatives and Third Parties', '', 1)
INSERT INTO [dbo].[un_co_dept_template_items]([item_id], [co_id], [dept_id], [section_id], [doc_id], [item_type], [item_name], [item_desc], [item_index]) VALUES (611, 1, 1, 6, 40, 1, 'Infrequent', '', 1)
INSERT INTO [dbo].[un_co_dept_template_items]([item_id], [co_id], [dept_id], [section_id], [doc_id], [item_type], [item_name], [item_desc], [item_index]) VALUES (612, 1, 1, 7, 40, 1, '1.	Ensure manual handling procedures are followed.', '', 1)
INSERT INTO [dbo].[un_co_dept_template_items]([item_id], [co_id], [dept_id], [section_id], [doc_id], [item_type], [item_name], [item_desc], [item_index]) VALUES (613, 1, 1, 7, 40, 1, '2.	Public protection will be erected and areas worked on isolated', '', 2)
INSERT INTO [dbo].[un_co_dept_template_items]([item_id], [co_id], [dept_id], [section_id], [doc_id], [item_type], [item_name], [item_desc], [item_index]) VALUES (614, 1, 1, 7, 40, 1, '3.	Correct PPE worn at all times', '', 3)
INSERT INTO [dbo].[un_co_dept_template_items]([item_id], [co_id], [dept_id], [section_id], [doc_id], [item_type], [item_name], [item_desc], [item_index]) VALUES (615, 1, 1, 8, 40, 1, 'Med', '', 1)
INSERT INTO [dbo].[un_co_dept_template_items]([item_id], [co_id], [dept_id], [section_id], [doc_id], [item_type], [item_name], [item_desc], [item_index]) VALUES (616, 1, 1, 9, 40, 1, '3', '', 1)
INSERT INTO [dbo].[un_co_dept_template_items]([item_id], [co_id], [dept_id], [section_id], [doc_id], [item_type], [item_name], [item_desc], [item_index]) VALUES (617, 1, 1, 10, 40, 1, '4', '', 1)
INSERT INTO [dbo].[un_co_dept_template_items]([item_id], [co_id], [dept_id], [section_id], [doc_id], [item_type], [item_name], [item_desc], [item_index]) VALUES (618, 1, 1, 11, 40, 1, '1.	Include in general tool box talks', '', 1)
INSERT INTO [dbo].[un_co_dept_template_items]([item_id], [co_id], [dept_id], [section_id], [doc_id], [item_type], [item_name], [item_desc], [item_index]) VALUES (619, 1, 1, 11, 40, 1, '2.	Supervision to ensure that precautions are taken and control measures are followed', '', 2)
INSERT INTO [dbo].[un_co_dept_template_items]([item_id], [co_id], [dept_id], [section_id], [doc_id], [item_type], [item_name], [item_desc], [item_index]) VALUES (620, 1, 1, 12, 40, 1, 'IMMEDIATE', '', 1)
INSERT INTO [dbo].[un_co_dept_template_items]([item_id], [co_id], [dept_id], [section_id], [doc_id], [item_type], [item_name], [item_desc], [item_index]) VALUES (621, 1, 1, 2, 41, 1, 'Minor Structural Repairs.', '', 1)
INSERT INTO [dbo].[un_co_dept_template_items]([item_id], [co_id], [dept_id], [section_id], [doc_id], [item_type], [item_name], [item_desc], [item_index]) VALUES (622, 1, 1, 3, 41, 1, 'Health and Safety at Work etc. Act 1974', '', 1)
INSERT INTO [dbo].[un_co_dept_template_items]([item_id], [co_id], [dept_id], [section_id], [doc_id], [item_type], [item_name], [item_desc], [item_index]) VALUES (623, 1, 1, 4, 41, 1, '1.	Manual handing related injuries', '', 1)
INSERT INTO [dbo].[un_co_dept_template_items]([item_id], [co_id], [dept_id], [section_id], [doc_id], [item_type], [item_name], [item_desc], [item_index]) VALUES (624, 1, 1, 4, 41, 1, '2.	Contact with hidden services', '', 2)
INSERT INTO [dbo].[un_co_dept_template_items]([item_id], [co_id], [dept_id], [section_id], [doc_id], [item_type], [item_name], [item_desc], [item_index]) VALUES (625, 1, 1, 4, 41, 1, '3.	Danger to public', '', 3)
INSERT INTO [dbo].[un_co_dept_template_items]([item_id], [co_id], [dept_id], [section_id], [doc_id], [item_type], [item_name], [item_desc], [item_index]) VALUES (626, 1, 1, 4, 41, 1, '4.	Structure unsafe to work on.', '', 4)
INSERT INTO [dbo].[un_co_dept_template_items]([item_id], [co_id], [dept_id], [section_id], [doc_id], [item_type], [item_name], [item_desc], [item_index]) VALUES (627, 1, 1, 5, 41, 1, 'Operatives and Third Parties', '', 1)
INSERT INTO [dbo].[un_co_dept_template_items]([item_id], [co_id], [dept_id], [section_id], [doc_id], [item_type], [item_name], [item_desc], [item_index]) VALUES (628, 1, 1, 6, 41, 1, 'Infrequent', '', 1)
INSERT INTO [dbo].[un_co_dept_template_items]([item_id], [co_id], [dept_id], [section_id], [doc_id], [item_type], [item_name], [item_desc], [item_index]) VALUES (629, 1, 1, 7, 41, 1, '1.	Ensure manual handling procedures are followed.', '', 1)
INSERT INTO [dbo].[un_co_dept_template_items]([item_id], [co_id], [dept_id], [section_id], [doc_id], [item_type], [item_name], [item_desc], [item_index]) VALUES (630, 1, 1, 7, 41, 1, '2.	Public protection will be erected and areas worked on isolated', '', 2)
INSERT INTO [dbo].[un_co_dept_template_items]([item_id], [co_id], [dept_id], [section_id], [doc_id], [item_type], [item_name], [item_desc], [item_index]) VALUES (631, 1, 1, 7, 41, 1, '3.	Tools to be inspected prior to use', '', 3)
INSERT INTO [dbo].[un_co_dept_template_items]([item_id], [co_id], [dept_id], [section_id], [doc_id], [item_type], [item_name], [item_desc], [item_index]) VALUES (632, 1, 1, 7, 41, 1, '4.	Correct PPE worn at all times', '', 4)
INSERT INTO [dbo].[un_co_dept_template_items]([item_id], [co_id], [dept_id], [section_id], [doc_id], [item_type], [item_name], [item_desc], [item_index]) VALUES (633, 1, 1, 7, 41, 1, '5.	Refer to Engineers/surveyors report if there is a query over the structural integrity. ', '', 5)
INSERT INTO [dbo].[un_co_dept_template_items]([item_id], [co_id], [dept_id], [section_id], [doc_id], [item_type], [item_name], [item_desc], [item_index]) VALUES (634, 1, 1, 8, 41, 1, 'Med', '', 1)
INSERT INTO [dbo].[un_co_dept_template_items]([item_id], [co_id], [dept_id], [section_id], [doc_id], [item_type], [item_name], [item_desc], [item_index]) VALUES (635, 1, 1, 9, 41, 1, '3', '', 1)
INSERT INTO [dbo].[un_co_dept_template_items]([item_id], [co_id], [dept_id], [section_id], [doc_id], [item_type], [item_name], [item_desc], [item_index]) VALUES (636, 1, 1, 10, 41, 1, '4', '', 1)
INSERT INTO [dbo].[un_co_dept_template_items]([item_id], [co_id], [dept_id], [section_id], [doc_id], [item_type], [item_name], [item_desc], [item_index]) VALUES (637, 1, 1, 11, 41, 1, '1.	Include in general tool box talks', '', 1)
INSERT INTO [dbo].[un_co_dept_template_items]([item_id], [co_id], [dept_id], [section_id], [doc_id], [item_type], [item_name], [item_desc], [item_index]) VALUES (638, 1, 1, 11, 41, 1, '2.	Supervision to ensure that precautions are taken and control measures are followed', '', 2)
INSERT INTO [dbo].[un_co_dept_template_items]([item_id], [co_id], [dept_id], [section_id], [doc_id], [item_type], [item_name], [item_desc], [item_index]) VALUES (639, 1, 1, 12, 41, 1, 'IMMEDIATE', '', 1)
INSERT INTO [dbo].[un_co_dept_template_items]([item_id], [co_id], [dept_id], [section_id], [doc_id], [item_type], [item_name], [item_desc], [item_index]) VALUES (640, 1, 1, 2, 42, 1, 'Application of SlexiClean (UPVC Restorer)', '', 1)
INSERT INTO [dbo].[un_co_dept_template_items]([item_id], [co_id], [dept_id], [section_id], [doc_id], [item_type], [item_name], [item_desc], [item_index]) VALUES (641, 1, 1, 3, 42, 1, 'Health and Safety at Work etc. Act 1974', '', 1)
INSERT INTO [dbo].[un_co_dept_template_items]([item_id], [co_id], [dept_id], [section_id], [doc_id], [item_type], [item_name], [item_desc], [item_index]) VALUES (642, 1, 1, 3, 42, 1, 'British Standards ', '', 2)
INSERT INTO [dbo].[un_co_dept_template_items]([item_id], [co_id], [dept_id], [section_id], [doc_id], [item_type], [item_name], [item_desc], [item_index]) VALUES (643, 1, 1, 3, 42, 1, 'Working at height 2005', '', 3)
INSERT INTO [dbo].[un_co_dept_template_items]([item_id], [co_id], [dept_id], [section_id], [doc_id], [item_type], [item_name], [item_desc], [item_index]) VALUES (644, 1, 1, 3, 42, 1, 'COSHH', '', 4)
INSERT INTO [dbo].[un_co_dept_template_items]([item_id], [co_id], [dept_id], [section_id], [doc_id], [item_type], [item_name], [item_desc], [item_index]) VALUES (645, 1, 1, 3, 42, 1, 'Kier Red Tops relating to working at height.', '', 5)
INSERT INTO [dbo].[un_co_dept_template_items]([item_id], [co_id], [dept_id], [section_id], [doc_id], [item_type], [item_name], [item_desc], [item_index]) VALUES (646, 1, 1, 4, 42, 1, '1.	Falls from height', '', 1)
INSERT INTO [dbo].[un_co_dept_template_items]([item_id], [co_id], [dept_id], [section_id], [doc_id], [item_type], [item_name], [item_desc], [item_index]) VALUES (647, 1, 1, 4, 42, 1, '2.	Slips and trips', '', 2)
INSERT INTO [dbo].[un_co_dept_template_items]([item_id], [co_id], [dept_id], [section_id], [doc_id], [item_type], [item_name], [item_desc], [item_index]) VALUES (648, 1, 1, 4, 42, 1, '3.	Fumes from materials', '', 3)
INSERT INTO [dbo].[un_co_dept_template_items]([item_id], [co_id], [dept_id], [section_id], [doc_id], [item_type], [item_name], [item_desc], [item_index]) VALUES (649, 1, 1, 5, 42, 1, 'Operatives and Tenants', '', 1)
INSERT INTO [dbo].[un_co_dept_template_items]([item_id], [co_id], [dept_id], [section_id], [doc_id], [item_type], [item_name], [item_desc], [item_index]) VALUES (650, 1, 1, 6, 42, 1, 'Infrequent', '', 1)
INSERT INTO [dbo].[un_co_dept_template_items]([item_id], [co_id], [dept_id], [section_id], [doc_id], [item_type], [item_name], [item_desc], [item_index]) VALUES (651, 1, 1, 7, 42, 1, '1.	Ensure workforce are competent and trained to current industry standards', '', 1)
INSERT INTO [dbo].[un_co_dept_template_items]([item_id], [co_id], [dept_id], [section_id], [doc_id], [item_type], [item_name], [item_desc], [item_index]) VALUES (652, 1, 1, 7, 42, 1, '2.	Contractor to use good handling techniques.', '', 2)
INSERT INTO [dbo].[un_co_dept_template_items]([item_id], [co_id], [dept_id], [section_id], [doc_id], [item_type], [item_name], [item_desc], [item_index]) VALUES (653, 1, 1, 7, 42, 1, '3.	Ensure correct PPE is worn at all times', '', 3)
INSERT INTO [dbo].[un_co_dept_template_items]([item_id], [co_id], [dept_id], [section_id], [doc_id], [item_type], [item_name], [item_desc], [item_index]) VALUES (654, 1, 1, 7, 42, 1, '4.	Reference is made to COSHH assessments', '', 4)
INSERT INTO [dbo].[un_co_dept_template_items]([item_id], [co_id], [dept_id], [section_id], [doc_id], [item_type], [item_name], [item_desc], [item_index]) VALUES (655, 1, 1, 7, 42, 1, '5.	A clear and tidy working area.', '', 5)
INSERT INTO [dbo].[un_co_dept_template_items]([item_id], [co_id], [dept_id], [section_id], [doc_id], [item_type], [item_name], [item_desc], [item_index]) VALUES (656, 1, 1, 8, 42, 1, 'Low', '', 1)
INSERT INTO [dbo].[un_co_dept_template_items]([item_id], [co_id], [dept_id], [section_id], [doc_id], [item_type], [item_name], [item_desc], [item_index]) VALUES (657, 1, 1, 9, 42, 1, '2', '', 1)
INSERT INTO [dbo].[un_co_dept_template_items]([item_id], [co_id], [dept_id], [section_id], [doc_id], [item_type], [item_name], [item_desc], [item_index]) VALUES (658, 1, 1, 10, 42, 1, '2', '', 1)
INSERT INTO [dbo].[un_co_dept_template_items]([item_id], [co_id], [dept_id], [section_id], [doc_id], [item_type], [item_name], [item_desc], [item_index]) VALUES (659, 1, 1, 11, 42, 1, '1.	Supervision to ensure that precautions are taken and control measures are followed', '', 1)
INSERT INTO [dbo].[un_co_dept_template_items]([item_id], [co_id], [dept_id], [section_id], [doc_id], [item_type], [item_name], [item_desc], [item_index]) VALUES (660, 1, 1, 12, 42, 1, 'IMMEDIATE', '', 1)
INSERT INTO [dbo].[un_co_dept_template_items]([item_id], [co_id], [dept_id], [section_id], [doc_id], [item_type], [item_name], [item_desc], [item_index]) VALUES (661, 1, 1, 2, 43, 1, 'Working in occupied property', '', 1)
INSERT INTO [dbo].[un_co_dept_template_items]([item_id], [co_id], [dept_id], [section_id], [doc_id], [item_type], [item_name], [item_desc], [item_index]) VALUES (662, 1, 1, 3, 43, 1, 'Health and Safety at Work etc. Act 1974', '', 1)
INSERT INTO [dbo].[un_co_dept_template_items]([item_id], [co_id], [dept_id], [section_id], [doc_id], [item_type], [item_name], [item_desc], [item_index]) VALUES (663, 1, 1, 4, 43, 1, '1.	Dangers to tenants from work being carried out', '', 1)
INSERT INTO [dbo].[un_co_dept_template_items]([item_id], [co_id], [dept_id], [section_id], [doc_id], [item_type], [item_name], [item_desc], [item_index]) VALUES (664, 1, 1, 4, 43, 1, '2.	Dangers to West Gate personal from tenants', '', 2)
INSERT INTO [dbo].[un_co_dept_template_items]([item_id], [co_id], [dept_id], [section_id], [doc_id], [item_type], [item_name], [item_desc], [item_index]) VALUES (665, 1, 1, 4, 43, 1, '3.	Slips trips and falls', '', 3)
INSERT INTO [dbo].[un_co_dept_template_items]([item_id], [co_id], [dept_id], [section_id], [doc_id], [item_type], [item_name], [item_desc], [item_index]) VALUES (666, 1, 1, 4, 43, 1, '4.	Noise pollution', '', 4)
INSERT INTO [dbo].[un_co_dept_template_items]([item_id], [co_id], [dept_id], [section_id], [doc_id], [item_type], [item_name], [item_desc], [item_index]) VALUES (667, 1, 1, 5, 43, 1, 'Operatives and Third Parties', '', 1)
INSERT INTO [dbo].[un_co_dept_template_items]([item_id], [co_id], [dept_id], [section_id], [doc_id], [item_type], [item_name], [item_desc], [item_index]) VALUES (668, 1, 1, 6, 43, 1, 'Infrequent', '', 1)
INSERT INTO [dbo].[un_co_dept_template_items]([item_id], [co_id], [dept_id], [section_id], [doc_id], [item_type], [item_name], [item_desc], [item_index]) VALUES (669, 1, 1, 7, 43, 1, '1.	Isolate areas where work is being carried out.', '', 1)
INSERT INTO [dbo].[un_co_dept_template_items]([item_id], [co_id], [dept_id], [section_id], [doc_id], [item_type], [item_name], [item_desc], [item_index]) VALUES (670, 1, 1, 7, 43, 1, '2.	Is there a potentially vulnerable report for the address we are working in.', '', 2)
INSERT INTO [dbo].[un_co_dept_template_items]([item_id], [co_id], [dept_id], [section_id], [doc_id], [item_type], [item_name], [item_desc], [item_index]) VALUES (671, 1, 1, 7, 43, 1, '3.	Area to be kept tidy in accordance with all method statements', '', 3)
INSERT INTO [dbo].[un_co_dept_template_items]([item_id], [co_id], [dept_id], [section_id], [doc_id], [item_type], [item_name], [item_desc], [item_index]) VALUES (672, 1, 1, 7, 43, 1, '4.	All works will only be carried out in specific agreed working hours', '', 4)
INSERT INTO [dbo].[un_co_dept_template_items]([item_id], [co_id], [dept_id], [section_id], [doc_id], [item_type], [item_name], [item_desc], [item_index]) VALUES (673, 1, 1, 8, 43, 1, 'Low', '', 1)
INSERT INTO [dbo].[un_co_dept_template_items]([item_id], [co_id], [dept_id], [section_id], [doc_id], [item_type], [item_name], [item_desc], [item_index]) VALUES (674, 1, 1, 9, 43, 1, '4', '', 1)
INSERT INTO [dbo].[un_co_dept_template_items]([item_id], [co_id], [dept_id], [section_id], [doc_id], [item_type], [item_name], [item_desc], [item_index]) VALUES (675, 1, 1, 10, 43, 1, '3', '', 1)
INSERT INTO [dbo].[un_co_dept_template_items]([item_id], [co_id], [dept_id], [section_id], [doc_id], [item_type], [item_name], [item_desc], [item_index]) VALUES (676, 1, 1, 11, 43, 1, '1.	Include in general tool box talks', '', 1)
INSERT INTO [dbo].[un_co_dept_template_items]([item_id], [co_id], [dept_id], [section_id], [doc_id], [item_type], [item_name], [item_desc], [item_index]) VALUES (677, 1, 1, 11, 43, 1, '2.	Access equipment to be periodically examined and records kept', '', 2)
INSERT INTO [dbo].[un_co_dept_template_items]([item_id], [co_id], [dept_id], [section_id], [doc_id], [item_type], [item_name], [item_desc], [item_index]) VALUES (678, 1, 1, 11, 43, 1, '3.	Supervision to ensure that precautions are taken and control measures are followed', '', 3)
INSERT INTO [dbo].[un_co_dept_template_items]([item_id], [co_id], [dept_id], [section_id], [doc_id], [item_type], [item_name], [item_desc], [item_index]) VALUES (679, 1, 1, 12, 43, 1, 'IMMEDIATE', '', 1)
INSERT INTO [dbo].[un_co_dept_template_items]([item_id], [co_id], [dept_id], [section_id], [doc_id], [item_type], [item_name], [item_desc], [item_index]) VALUES (680, 1, 1, 2, 44, 1, 'Working in a void/unoccupied property ', '', 1)
INSERT INTO [dbo].[un_co_dept_template_items]([item_id], [co_id], [dept_id], [section_id], [doc_id], [item_type], [item_name], [item_desc], [item_index]) VALUES (681, 1, 1, 3, 44, 1, 'Health and Safety at Work etc. Act 1974', '', 1)
INSERT INTO [dbo].[un_co_dept_template_items]([item_id], [co_id], [dept_id], [section_id], [doc_id], [item_type], [item_name], [item_desc], [item_index]) VALUES (682, 1, 1, 4, 44, 1, '1.	Dangers to West Gate personal from tenants', '', 1)
INSERT INTO [dbo].[un_co_dept_template_items]([item_id], [co_id], [dept_id], [section_id], [doc_id], [item_type], [item_name], [item_desc], [item_index]) VALUES (683, 1, 1, 4, 44, 1, '2.	Dangers to the previous tenant should they return while works are being carried out.', '', 2)
INSERT INTO [dbo].[un_co_dept_template_items]([item_id], [co_id], [dept_id], [section_id], [doc_id], [item_type], [item_name], [item_desc], [item_index]) VALUES (684, 1, 1, 4, 44, 1, '3.	Slips trips and falls', '', 3)
INSERT INTO [dbo].[un_co_dept_template_items]([item_id], [co_id], [dept_id], [section_id], [doc_id], [item_type], [item_name], [item_desc], [item_index]) VALUES (685, 1, 1, 4, 44, 1, '4.	Noise pollution', '', 4)
INSERT INTO [dbo].[un_co_dept_template_items]([item_id], [co_id], [dept_id], [section_id], [doc_id], [item_type], [item_name], [item_desc], [item_index]) VALUES (686, 1, 1, 5, 44, 1, 'Operatives and Third Parties', '', 1)
INSERT INTO [dbo].[un_co_dept_template_items]([item_id], [co_id], [dept_id], [section_id], [doc_id], [item_type], [item_name], [item_desc], [item_index]) VALUES (687, 1, 1, 6, 44, 1, 'Infrequent', '', 1)
INSERT INTO [dbo].[un_co_dept_template_items]([item_id], [co_id], [dept_id], [section_id], [doc_id], [item_type], [item_name], [item_desc], [item_index]) VALUES (688, 1, 1, 7, 44, 1, '1.	Isolate areas where work is being carried out.', '', 1)
INSERT INTO [dbo].[un_co_dept_template_items]([item_id], [co_id], [dept_id], [section_id], [doc_id], [item_type], [item_name], [item_desc], [item_index]) VALUES (689, 1, 1, 7, 44, 1, '2.	Pan doors/windows fitted to stop unauthorised access', '', 2)
INSERT INTO [dbo].[un_co_dept_template_items]([item_id], [co_id], [dept_id], [section_id], [doc_id], [item_type], [item_name], [item_desc], [item_index]) VALUES (690, 1, 1, 7, 44, 1, '3.	Doors to be kept locked while inside property. ', '', 3)
INSERT INTO [dbo].[un_co_dept_template_items]([item_id], [co_id], [dept_id], [section_id], [doc_id], [item_type], [item_name], [item_desc], [item_index]) VALUES (691, 1, 1, 7, 44, 1, '4.	Area to be kept tidy in accordance with the method statement.', '', 4)
INSERT INTO [dbo].[un_co_dept_template_items]([item_id], [co_id], [dept_id], [section_id], [doc_id], [item_type], [item_name], [item_desc], [item_index]) VALUES (692, 1, 1, 7, 44, 1, '5.	All works will only be carried out in specific agreed working hours.', '', 5)
INSERT INTO [dbo].[un_co_dept_template_items]([item_id], [co_id], [dept_id], [section_id], [doc_id], [item_type], [item_name], [item_desc], [item_index]) VALUES (693, 1, 1, 8, 44, 1, 'Low', '', 1)
INSERT INTO [dbo].[un_co_dept_template_items]([item_id], [co_id], [dept_id], [section_id], [doc_id], [item_type], [item_name], [item_desc], [item_index]) VALUES (694, 1, 1, 9, 44, 1, '4', '', 1)
INSERT INTO [dbo].[un_co_dept_template_items]([item_id], [co_id], [dept_id], [section_id], [doc_id], [item_type], [item_name], [item_desc], [item_index]) VALUES (695, 1, 1, 10, 44, 1, '3', '', 1)
INSERT INTO [dbo].[un_co_dept_template_items]([item_id], [co_id], [dept_id], [section_id], [doc_id], [item_type], [item_name], [item_desc], [item_index]) VALUES (696, 1, 1, 11, 44, 1, '1.	Include in general tool box talks', '', 1)
INSERT INTO [dbo].[un_co_dept_template_items]([item_id], [co_id], [dept_id], [section_id], [doc_id], [item_type], [item_name], [item_desc], [item_index]) VALUES (697, 1, 1, 11, 44, 1, '2.	Access equipment to be periodically examined and records kept', '', 2)
INSERT INTO [dbo].[un_co_dept_template_items]([item_id], [co_id], [dept_id], [section_id], [doc_id], [item_type], [item_name], [item_desc], [item_index]) VALUES (698, 1, 1, 11, 44, 1, '3.	Supervision to ensure that precautions are taken and control measures are followed', '', 3)
INSERT INTO [dbo].[un_co_dept_template_items]([item_id], [co_id], [dept_id], [section_id], [doc_id], [item_type], [item_name], [item_desc], [item_index]) VALUES (699, 1, 1, 12, 44, 1, 'IMMEDIATE', '', 1)
INSERT INTO [dbo].[un_co_dept_template_items]([item_id], [co_id], [dept_id], [section_id], [doc_id], [item_type], [item_name], [item_desc], [item_index]) VALUES (700, 1, 1, 2, 45, 1, 'Working outside', '', 1)
INSERT INTO [dbo].[un_co_dept_template_items]([item_id], [co_id], [dept_id], [section_id], [doc_id], [item_type], [item_name], [item_desc], [item_index]) VALUES (701, 1, 1, 3, 45, 1, 'Health and Safety at Work etc. Act 1974', '', 1)
INSERT INTO [dbo].[un_co_dept_template_items]([item_id], [co_id], [dept_id], [section_id], [doc_id], [item_type], [item_name], [item_desc], [item_index]) VALUES (702, 1, 1, 4, 45, 1, '1.	Dangers to West Gate personal from vehicles', '', 1)
INSERT INTO [dbo].[un_co_dept_template_items]([item_id], [co_id], [dept_id], [section_id], [doc_id], [item_type], [item_name], [item_desc], [item_index]) VALUES (703, 1, 1, 4, 45, 1, '2.	Exposure to the elements', '', 2)
INSERT INTO [dbo].[un_co_dept_template_items]([item_id], [co_id], [dept_id], [section_id], [doc_id], [item_type], [item_name], [item_desc], [item_index]) VALUES (704, 1, 1, 4, 45, 1, '3.	Slips trips and falls', '', 3)
INSERT INTO [dbo].[un_co_dept_template_items]([item_id], [co_id], [dept_id], [section_id], [doc_id], [item_type], [item_name], [item_desc], [item_index]) VALUES (705, 1, 1, 4, 45, 1, '4.	Noise pollution', '', 4)
INSERT INTO [dbo].[un_co_dept_template_items]([item_id], [co_id], [dept_id], [section_id], [doc_id], [item_type], [item_name], [item_desc], [item_index]) VALUES (706, 1, 1, 5, 45, 1, 'Operatives and Third Parties', '', 1)
INSERT INTO [dbo].[un_co_dept_template_items]([item_id], [co_id], [dept_id], [section_id], [doc_id], [item_type], [item_name], [item_desc], [item_index]) VALUES (707, 1, 1, 6, 45, 1, 'Infrequent', '', 1)
INSERT INTO [dbo].[un_co_dept_template_items]([item_id], [co_id], [dept_id], [section_id], [doc_id], [item_type], [item_name], [item_desc], [item_index]) VALUES (708, 1, 1, 7, 45, 1, '1.	Isolate areas where work is being carried out if possible.', '', 1)
INSERT INTO [dbo].[un_co_dept_template_items]([item_id], [co_id], [dept_id], [section_id], [doc_id], [item_type], [item_name], [item_desc], [item_index]) VALUES (709, 1, 1, 7, 45, 1, '2.	Hi-vis clothing along with other PPE to be worn at all times', '', 2)
INSERT INTO [dbo].[un_co_dept_template_items]([item_id], [co_id], [dept_id], [section_id], [doc_id], [item_type], [item_name], [item_desc], [item_index]) VALUES (710, 1, 1, 7, 45, 1, '3.	Correct clothing to be worn depending on the weather', '', 3)
INSERT INTO [dbo].[un_co_dept_template_items]([item_id], [co_id], [dept_id], [section_id], [doc_id], [item_type], [item_name], [item_desc], [item_index]) VALUES (711, 1, 1, 7, 45, 1, '4.	In hot weather sun-tan cream may be needed.', '', 4)
INSERT INTO [dbo].[un_co_dept_template_items]([item_id], [co_id], [dept_id], [section_id], [doc_id], [item_type], [item_name], [item_desc], [item_index]) VALUES (712, 1, 1, 7, 45, 1, '5.	Area to be kept tidy in accordance with the method statement.', '', 5)
INSERT INTO [dbo].[un_co_dept_template_items]([item_id], [co_id], [dept_id], [section_id], [doc_id], [item_type], [item_name], [item_desc], [item_index]) VALUES (713, 1, 1, 8, 45, 1, 'Low', '', 1)
INSERT INTO [dbo].[un_co_dept_template_items]([item_id], [co_id], [dept_id], [section_id], [doc_id], [item_type], [item_name], [item_desc], [item_index]) VALUES (714, 1, 1, 9, 45, 1, '4', '', 1)
INSERT INTO [dbo].[un_co_dept_template_items]([item_id], [co_id], [dept_id], [section_id], [doc_id], [item_type], [item_name], [item_desc], [item_index]) VALUES (715, 1, 1, 10, 45, 1, '3', '', 1)
INSERT INTO [dbo].[un_co_dept_template_items]([item_id], [co_id], [dept_id], [section_id], [doc_id], [item_type], [item_name], [item_desc], [item_index]) VALUES (716, 1, 1, 11, 45, 1, '1.	Include in general tool box talks', '', 1)
INSERT INTO [dbo].[un_co_dept_template_items]([item_id], [co_id], [dept_id], [section_id], [doc_id], [item_type], [item_name], [item_desc], [item_index]) VALUES (717, 1, 1, 11, 45, 1, '2.	Access equipment to be periodically examined and records kept', '', 2)
INSERT INTO [dbo].[un_co_dept_template_items]([item_id], [co_id], [dept_id], [section_id], [doc_id], [item_type], [item_name], [item_desc], [item_index]) VALUES (718, 1, 1, 11, 45, 1, '3.	Supervision to ensure that precautions are taken and control measures are followed', '', 3)
INSERT INTO [dbo].[un_co_dept_template_items]([item_id], [co_id], [dept_id], [section_id], [doc_id], [item_type], [item_name], [item_desc], [item_index]) VALUES (719, 1, 1, 12, 45, 1, 'IMMEDIATE', '', 1)
INSERT INTO [dbo].[un_co_dept_template_items]([item_id], [co_id], [dept_id], [section_id], [doc_id], [item_type], [item_name], [item_desc], [item_index]) VALUES (720, 1, 1, 2, 46, 1, ' Petrol/Diesel Powered Plant & Equipment', '', 1)
INSERT INTO [dbo].[un_co_dept_template_items]([item_id], [co_id], [dept_id], [section_id], [doc_id], [item_type], [item_name], [item_desc], [item_index]) VALUES (721, 1, 1, 3, 46, 1, 'Health and Safety at Work etc. Act 1974', '', 1)
INSERT INTO [dbo].[un_co_dept_template_items]([item_id], [co_id], [dept_id], [section_id], [doc_id], [item_type], [item_name], [item_desc], [item_index]) VALUES (722, 1, 1, 3, 46, 1, 'COSSH', '', 2)
INSERT INTO [dbo].[un_co_dept_template_items]([item_id], [co_id], [dept_id], [section_id], [doc_id], [item_type], [item_name], [item_desc], [item_index]) VALUES (723, 1, 1, 4, 46, 1, '1.	Risk of spillage', '', 1)
INSERT INTO [dbo].[un_co_dept_template_items]([item_id], [co_id], [dept_id], [section_id], [doc_id], [item_type], [item_name], [item_desc], [item_index]) VALUES (724, 1, 1, 4, 46, 1, '2.	Manual handing related injuries', '', 2)
INSERT INTO [dbo].[un_co_dept_template_items]([item_id], [co_id], [dept_id], [section_id], [doc_id], [item_type], [item_name], [item_desc], [item_index]) VALUES (725, 1, 1, 4, 46, 1, '3.	Risk of fire, due to nature of the fuel.', '', 3)
INSERT INTO [dbo].[un_co_dept_template_items]([item_id], [co_id], [dept_id], [section_id], [doc_id], [item_type], [item_name], [item_desc], [item_index]) VALUES (726, 1, 1, 5, 46, 1, 'Operatives and Third Parties', '', 1)
INSERT INTO [dbo].[un_co_dept_template_items]([item_id], [co_id], [dept_id], [section_id], [doc_id], [item_type], [item_name], [item_desc], [item_index]) VALUES (727, 1, 1, 6, 46, 1, 'Infrequent', '', 1)
INSERT INTO [dbo].[un_co_dept_template_items]([item_id], [co_id], [dept_id], [section_id], [doc_id], [item_type], [item_name], [item_desc], [item_index]) VALUES (728, 1, 1, 7, 46, 1, '1.	Ensure manual handling procedures are followed.', '', 1)
INSERT INTO [dbo].[un_co_dept_template_items]([item_id], [co_id], [dept_id], [section_id], [doc_id], [item_type], [item_name], [item_desc], [item_index]) VALUES (729, 1, 1, 7, 46, 1, '2.	Fire extinguishers available in the event of a fire.', '', 2)
INSERT INTO [dbo].[un_co_dept_template_items]([item_id], [co_id], [dept_id], [section_id], [doc_id], [item_type], [item_name], [item_desc], [item_index]) VALUES (730, 1, 1, 7, 46, 1, '3.	Plant/Equipment to be inspected prior to use.', '', 3)
INSERT INTO [dbo].[un_co_dept_template_items]([item_id], [co_id], [dept_id], [section_id], [doc_id], [item_type], [item_name], [item_desc], [item_index]) VALUES (731, 1, 1, 7, 46, 1, '4.	Ensure correct PPE is worn at all times', '', 4)
INSERT INTO [dbo].[un_co_dept_template_items]([item_id], [co_id], [dept_id], [section_id], [doc_id], [item_type], [item_name], [item_desc], [item_index]) VALUES (732, 1, 1, 7, 46, 1, '5.	Knowledge on how to deal with spillages.', '', 5)
INSERT INTO [dbo].[un_co_dept_template_items]([item_id], [co_id], [dept_id], [section_id], [doc_id], [item_type], [item_name], [item_desc], [item_index]) VALUES (733, 1, 1, 8, 46, 1, 'Low', '', 1)
INSERT INTO [dbo].[un_co_dept_template_items]([item_id], [co_id], [dept_id], [section_id], [doc_id], [item_type], [item_name], [item_desc], [item_index]) VALUES (734, 1, 1, 9, 46, 1, '3', '', 1)
INSERT INTO [dbo].[un_co_dept_template_items]([item_id], [co_id], [dept_id], [section_id], [doc_id], [item_type], [item_name], [item_desc], [item_index]) VALUES (735, 1, 1, 10, 46, 1, '3', '', 1)
INSERT INTO [dbo].[un_co_dept_template_items]([item_id], [co_id], [dept_id], [section_id], [doc_id], [item_type], [item_name], [item_desc], [item_index]) VALUES (736, 1, 1, 11, 46, 1, '1.	Include in general tool box talks', '', 1)
INSERT INTO [dbo].[un_co_dept_template_items]([item_id], [co_id], [dept_id], [section_id], [doc_id], [item_type], [item_name], [item_desc], [item_index]) VALUES (737, 1, 1, 11, 46, 1, '2.	Supervision to ensure that precautions are taken and control measures are followed', '', 2)
INSERT INTO [dbo].[un_co_dept_template_items]([item_id], [co_id], [dept_id], [section_id], [doc_id], [item_type], [item_name], [item_desc], [item_index]) VALUES (738, 1, 1, 12, 46, 1, 'IMMEDIATE', '', 1)
INSERT INTO [dbo].[un_co_dept_template_items]([item_id], [co_id], [dept_id], [section_id], [doc_id], [item_type], [item_name], [item_desc], [item_index]) VALUES (739, 1, 1, 2, 28, 1, 'Groundworks – By Hand', '', 1)
INSERT INTO [dbo].[un_co_dept_template_items]([item_id], [co_id], [dept_id], [section_id], [doc_id], [item_type], [item_name], [item_desc], [item_index]) VALUES (740, 1, 1, 3, 28, 1, 'Health and Safety at Work etc. Act 1974', '', 1)
INSERT INTO [dbo].[un_co_dept_template_items]([item_id], [co_id], [dept_id], [section_id], [doc_id], [item_type], [item_name], [item_desc], [item_index]) VALUES (741, 1, 1, 4, 28, 1, '1.	Manual handing related injuries', '', 1)
INSERT INTO [dbo].[un_co_dept_template_items]([item_id], [co_id], [dept_id], [section_id], [doc_id], [item_type], [item_name], [item_desc], [item_index]) VALUES (742, 1, 1, 4, 28, 1, '2.	Contact with hidden services', '', 2)
INSERT INTO [dbo].[un_co_dept_template_items]([item_id], [co_id], [dept_id], [section_id], [doc_id], [item_type], [item_name], [item_desc], [item_index]) VALUES (743, 1, 1, 4, 28, 1, '3.	Danger to public', '', 3)
INSERT INTO [dbo].[un_co_dept_template_items]([item_id], [co_id], [dept_id], [section_id], [doc_id], [item_type], [item_name], [item_desc], [item_index]) VALUES (744, 1, 1, 4, 28, 1, '4.	Noise pollution', '', 4)
INSERT INTO [dbo].[un_co_dept_template_items]([item_id], [co_id], [dept_id], [section_id], [doc_id], [item_type], [item_name], [item_desc], [item_index]) VALUES (745, 1, 1, 4, 28, 1, '5.	Environmental aspects', '', 5)
INSERT INTO [dbo].[un_co_dept_template_items]([item_id], [co_id], [dept_id], [section_id], [doc_id], [item_type], [item_name], [item_desc], [item_index]) VALUES (746, 1, 1, 4, 28, 1, '6.	Vehicle movement', '', 6)
INSERT INTO [dbo].[un_co_dept_template_items]([item_id], [co_id], [dept_id], [section_id], [doc_id], [item_type], [item_name], [item_desc], [item_index]) VALUES (747, 1, 1, 4, 28, 1, '7.	Overhead services', '', 7)
INSERT INTO [dbo].[un_co_dept_template_items]([item_id], [co_id], [dept_id], [section_id], [doc_id], [item_type], [item_name], [item_desc], [item_index]) VALUES (748, 1, 1, 5, 28, 1, 'Operatives and Third Parties', '', 1)
INSERT INTO [dbo].[un_co_dept_template_items]([item_id], [co_id], [dept_id], [section_id], [doc_id], [item_type], [item_name], [item_desc], [item_index]) VALUES (749, 1, 1, 6, 28, 1, 'Infrequent', '', 1)
INSERT INTO [dbo].[un_co_dept_template_items]([item_id], [co_id], [dept_id], [section_id], [doc_id], [item_type], [item_name], [item_desc], [item_index]) VALUES (750, 1, 1, 7, 28, 1, '1.	Ensure manual handling procedures are followed.', '', 1)
INSERT INTO [dbo].[un_co_dept_template_items]([item_id], [co_id], [dept_id], [section_id], [doc_id], [item_type], [item_name], [item_desc], [item_index]) VALUES (751, 1, 1, 7, 28, 1, '2.	Public protection will be erected and areas worked on isolated', '', 2)
INSERT INTO [dbo].[un_co_dept_template_items]([item_id], [co_id], [dept_id], [section_id], [doc_id], [item_type], [item_name], [item_desc], [item_index]) VALUES (752, 1, 1, 7, 28, 1, '3.	Demolition tools to be inspected prior to use', '', 3)
INSERT INTO [dbo].[un_co_dept_template_items]([item_id], [co_id], [dept_id], [section_id], [doc_id], [item_type], [item_name], [item_desc], [item_index]) VALUES (753, 1, 1, 7, 28, 1, '4.	CAT used prior to excavation to ensure services are identified.', '', 4)
INSERT INTO [dbo].[un_co_dept_template_items]([item_id], [co_id], [dept_id], [section_id], [doc_id], [item_type], [item_name], [item_desc], [item_index]) VALUES (754, 1, 1, 7, 28, 1, '5.	Correct PPE worn at all times', '', 5)
INSERT INTO [dbo].[un_co_dept_template_items]([item_id], [co_id], [dept_id], [section_id], [doc_id], [item_type], [item_name], [item_desc], [item_index]) VALUES (755, 1, 1, 7, 28, 1, '6.	Work area isolated with barriers if suitable', '', 6)
INSERT INTO [dbo].[un_co_dept_template_items]([item_id], [co_id], [dept_id], [section_id], [doc_id], [item_type], [item_name], [item_desc], [item_index]) VALUES (756, 1, 1, 8, 28, 1, 'Med', '', 1)
INSERT INTO [dbo].[un_co_dept_template_items]([item_id], [co_id], [dept_id], [section_id], [doc_id], [item_type], [item_name], [item_desc], [item_index]) VALUES (757, 1, 1, 9, 28, 1, '3', '', 1)
INSERT INTO [dbo].[un_co_dept_template_items]([item_id], [co_id], [dept_id], [section_id], [doc_id], [item_type], [item_name], [item_desc], [item_index]) VALUES (758, 1, 1, 10, 28, 1, '4', '', 1)
INSERT INTO [dbo].[un_co_dept_template_items]([item_id], [co_id], [dept_id], [section_id], [doc_id], [item_type], [item_name], [item_desc], [item_index]) VALUES (759, 1, 1, 11, 28, 1, '1.	Include in general tool box talks', '', 1)
INSERT INTO [dbo].[un_co_dept_template_items]([item_id], [co_id], [dept_id], [section_id], [doc_id], [item_type], [item_name], [item_desc], [item_index]) VALUES (760, 1, 1, 11, 28, 1, '2.	Supervision to ensure that precautions are taken and control measures are followed', '', 2)
INSERT INTO [dbo].[un_co_dept_template_items]([item_id], [co_id], [dept_id], [section_id], [doc_id], [item_type], [item_name], [item_desc], [item_index]) VALUES (761, 1, 1, 12, 28, 1, 'IMMEDIATE', '', 1)
INSERT INTO [dbo].[un_co_dept_template_items]([item_id], [co_id], [dept_id], [section_id], [doc_id], [item_type], [item_name], [item_desc], [item_index]) VALUES (762, 1, 1, 2, 50, 1, 'Fitting a Kitchen', '', 1)
INSERT INTO [dbo].[un_co_dept_template_items]([item_id], [co_id], [dept_id], [section_id], [doc_id], [item_type], [item_name], [item_desc], [item_index]) VALUES (763, 1, 1, 3, 50, 1, 'Health and Safety at Work etc. Act 1974', '', 1)
INSERT INTO [dbo].[un_co_dept_template_items]([item_id], [co_id], [dept_id], [section_id], [doc_id], [item_type], [item_name], [item_desc], [item_index]) VALUES (764, 1, 1, 3, 50, 1, 'British Standards ', '', 2)
INSERT INTO [dbo].[un_co_dept_template_items]([item_id], [co_id], [dept_id], [section_id], [doc_id], [item_type], [item_name], [item_desc], [item_index]) VALUES (765, 1, 1, 3, 50, 1, 'Working at height 2005', '', 3)
INSERT INTO [dbo].[un_co_dept_template_items]([item_id], [co_id], [dept_id], [section_id], [doc_id], [item_type], [item_name], [item_desc], [item_index]) VALUES (766, 1, 1, 3, 50, 1, 'Kier Red Tops – Relating to working at height', '', 4)
INSERT INTO [dbo].[un_co_dept_template_items]([item_id], [co_id], [dept_id], [section_id], [doc_id], [item_type], [item_name], [item_desc], [item_index]) VALUES (767, 1, 1, 4, 50, 1, '1.	Manual handling', '', 1)
INSERT INTO [dbo].[un_co_dept_template_items]([item_id], [co_id], [dept_id], [section_id], [doc_id], [item_type], [item_name], [item_desc], [item_index]) VALUES (768, 1, 1, 4, 50, 1, '2.	Working with hand tools', '', 2)
INSERT INTO [dbo].[un_co_dept_template_items]([item_id], [co_id], [dept_id], [section_id], [doc_id], [item_type], [item_name], [item_desc], [item_index]) VALUES (769, 1, 1, 4, 50, 1, '3.	Working with powered tools', '', 3)
INSERT INTO [dbo].[un_co_dept_template_items]([item_id], [co_id], [dept_id], [section_id], [doc_id], [item_type], [item_name], [item_desc], [item_index]) VALUES (770, 1, 1, 4, 50, 1, '4.	Damage to services (gas/electrical/plumbing)', '', 4)
INSERT INTO [dbo].[un_co_dept_template_items]([item_id], [co_id], [dept_id], [section_id], [doc_id], [item_type], [item_name], [item_desc], [item_index]) VALUES (771, 1, 1, 4, 50, 1, '5.	Interaction with Tenants', '', 5)
INSERT INTO [dbo].[un_co_dept_template_items]([item_id], [co_id], [dept_id], [section_id], [doc_id], [item_type], [item_name], [item_desc], [item_index]) VALUES (772, 1, 1, 5, 50, 1, 'Operatives and Tenants', '', 1)
INSERT INTO [dbo].[un_co_dept_template_items]([item_id], [co_id], [dept_id], [section_id], [doc_id], [item_type], [item_name], [item_desc], [item_index]) VALUES (773, 1, 1, 6, 50, 1, 'Infrequent', '', 1)
INSERT INTO [dbo].[un_co_dept_template_items]([item_id], [co_id], [dept_id], [section_id], [doc_id], [item_type], [item_name], [item_desc], [item_index]) VALUES (774, 1, 1, 7, 50, 1, '1.	Ensure workforce are competent and trained to current industry standards', '', 1)
INSERT INTO [dbo].[un_co_dept_template_items]([item_id], [co_id], [dept_id], [section_id], [doc_id], [item_type], [item_name], [item_desc], [item_index]) VALUES (775, 1, 1, 7, 50, 1, '2.	Contractor to use good handling techniques.', '', 2)
INSERT INTO [dbo].[un_co_dept_template_items]([item_id], [co_id], [dept_id], [section_id], [doc_id], [item_type], [item_name], [item_desc], [item_index]) VALUES (776, 1, 1, 7, 50, 1, '3.	Ensure any electrical tools are tested prior to use', '', 3)
INSERT INTO [dbo].[un_co_dept_template_items]([item_id], [co_id], [dept_id], [section_id], [doc_id], [item_type], [item_name], [item_desc], [item_index]) VALUES (777, 1, 1, 7, 50, 1, '4.	Service locations are made aware/use detection tools to discover services', '', 4)
INSERT INTO [dbo].[un_co_dept_template_items]([item_id], [co_id], [dept_id], [section_id], [doc_id], [item_type], [item_name], [item_desc], [item_index]) VALUES (778, 1, 1, 8, 50, 1, 'Low', '', 1)
INSERT INTO [dbo].[un_co_dept_template_items]([item_id], [co_id], [dept_id], [section_id], [doc_id], [item_type], [item_name], [item_desc], [item_index]) VALUES (779, 1, 1, 9, 50, 1, '2', '', 1)
INSERT INTO [dbo].[un_co_dept_template_items]([item_id], [co_id], [dept_id], [section_id], [doc_id], [item_type], [item_name], [item_desc], [item_index]) VALUES (780, 1, 1, 10, 50, 1, '2', '', 1)
INSERT INTO [dbo].[un_co_dept_template_items]([item_id], [co_id], [dept_id], [section_id], [doc_id], [item_type], [item_name], [item_desc], [item_index]) VALUES (781, 1, 1, 11, 50, 1, '1.	Supervision to ensure that precautions are taken and control measures are followed', '', 1)
INSERT INTO [dbo].[un_co_dept_template_items]([item_id], [co_id], [dept_id], [section_id], [doc_id], [item_type], [item_name], [item_desc], [item_index]) VALUES (782, 1, 1, 12, 50, 1, 'IMMEDIATE', '', 1)
INSERT INTO [dbo].[un_co_dept_template_items]([item_id], [co_id], [dept_id], [section_id], [doc_id], [item_type], [item_name], [item_desc], [item_index]) VALUES (783, 1, 1, 2, 47, 1, 'Fitting a Bathroom', '', 1)
INSERT INTO [dbo].[un_co_dept_template_items]([item_id], [co_id], [dept_id], [section_id], [doc_id], [item_type], [item_name], [item_desc], [item_index]) VALUES (784, 1, 1, 3, 47, 1, 'Health and Safety at Work etc. Act 1974', '', 1)
INSERT INTO [dbo].[un_co_dept_template_items]([item_id], [co_id], [dept_id], [section_id], [doc_id], [item_type], [item_name], [item_desc], [item_index]) VALUES (785, 1, 1, 3, 47, 1, 'British Standards ', '', 2)
INSERT INTO [dbo].[un_co_dept_template_items]([item_id], [co_id], [dept_id], [section_id], [doc_id], [item_type], [item_name], [item_desc], [item_index]) VALUES (786, 1, 1, 3, 47, 1, 'Working at height 2005', '', 3)
INSERT INTO [dbo].[un_co_dept_template_items]([item_id], [co_id], [dept_id], [section_id], [doc_id], [item_type], [item_name], [item_desc], [item_index]) VALUES (787, 1, 1, 3, 47, 1, 'Kier Red Tops – Relating to working at height', '', 4)
INSERT INTO [dbo].[un_co_dept_template_items]([item_id], [co_id], [dept_id], [section_id], [doc_id], [item_type], [item_name], [item_desc], [item_index]) VALUES (788, 1, 1, 4, 47, 1, '1.	Manual handling', '', 1)
INSERT INTO [dbo].[un_co_dept_template_items]([item_id], [co_id], [dept_id], [section_id], [doc_id], [item_type], [item_name], [item_desc], [item_index]) VALUES (789, 1, 1, 4, 47, 1, '2.	Working with hand tools', '', 2)
INSERT INTO [dbo].[un_co_dept_template_items]([item_id], [co_id], [dept_id], [section_id], [doc_id], [item_type], [item_name], [item_desc], [item_index]) VALUES (790, 1, 1, 4, 47, 1, '3.	Working with powered tools', '', 3)
INSERT INTO [dbo].[un_co_dept_template_items]([item_id], [co_id], [dept_id], [section_id], [doc_id], [item_type], [item_name], [item_desc], [item_index]) VALUES (791, 1, 1, 4, 47, 1, '4.	Damage to services (electrical/plumbing)', '', 4)
INSERT INTO [dbo].[un_co_dept_template_items]([item_id], [co_id], [dept_id], [section_id], [doc_id], [item_type], [item_name], [item_desc], [item_index]) VALUES (792, 1, 1, 4, 47, 1, '5.	Interaction with Tenants', '', 5)
INSERT INTO [dbo].[un_co_dept_template_items]([item_id], [co_id], [dept_id], [section_id], [doc_id], [item_type], [item_name], [item_desc], [item_index]) VALUES (793, 1, 1, 5, 47, 1, 'Operatives and Tenants', '', 1)
INSERT INTO [dbo].[un_co_dept_template_items]([item_id], [co_id], [dept_id], [section_id], [doc_id], [item_type], [item_name], [item_desc], [item_index]) VALUES (794, 1, 1, 6, 47, 1, 'Infrequent', '', 1)
INSERT INTO [dbo].[un_co_dept_template_items]([item_id], [co_id], [dept_id], [section_id], [doc_id], [item_type], [item_name], [item_desc], [item_index]) VALUES (795, 1, 1, 7, 47, 1, '1.	Ensure workforce are competent and trained to current industry standards', '', 1)
INSERT INTO [dbo].[un_co_dept_template_items]([item_id], [co_id], [dept_id], [section_id], [doc_id], [item_type], [item_name], [item_desc], [item_index]) VALUES (796, 1, 1, 7, 47, 1, '2.	Contractor to use good handling techniques.', '', 2)
INSERT INTO [dbo].[un_co_dept_template_items]([item_id], [co_id], [dept_id], [section_id], [doc_id], [item_type], [item_name], [item_desc], [item_index]) VALUES (797, 1, 1, 7, 47, 1, '3.	Ensure any electrical tools are tested prior to use', '', 3)
INSERT INTO [dbo].[un_co_dept_template_items]([item_id], [co_id], [dept_id], [section_id], [doc_id], [item_type], [item_name], [item_desc], [item_index]) VALUES (798, 1, 1, 7, 47, 1, '4.	Service locations are made aware/use of detection tools to discover services', '', 4)
INSERT INTO [dbo].[un_co_dept_template_items]([item_id], [co_id], [dept_id], [section_id], [doc_id], [item_type], [item_name], [item_desc], [item_index]) VALUES (799, 1, 1, 7, 47, 1, '5.	Ensure correct PPE is worn at all times', '', 5)
INSERT INTO [dbo].[un_co_dept_template_items]([item_id], [co_id], [dept_id], [section_id], [doc_id], [item_type], [item_name], [item_desc], [item_index]) VALUES (800, 1, 1, 8, 47, 1, 'Low', '', 1)
INSERT INTO [dbo].[un_co_dept_template_items]([item_id], [co_id], [dept_id], [section_id], [doc_id], [item_type], [item_name], [item_desc], [item_index]) VALUES (801, 1, 1, 9, 47, 1, '2', '', 1)
INSERT INTO [dbo].[un_co_dept_template_items]([item_id], [co_id], [dept_id], [section_id], [doc_id], [item_type], [item_name], [item_desc], [item_index]) VALUES (802, 1, 1, 10, 47, 1, '2', '', 1)
INSERT INTO [dbo].[un_co_dept_template_items]([item_id], [co_id], [dept_id], [section_id], [doc_id], [item_type], [item_name], [item_desc], [item_index]) VALUES (803, 1, 1, 11, 47, 1, '1.	Supervision to ensure that precautions are taken and control measures are followed', '', 1)
INSERT INTO [dbo].[un_co_dept_template_items]([item_id], [co_id], [dept_id], [section_id], [doc_id], [item_type], [item_name], [item_desc], [item_index]) VALUES (804, 1, 1, 12, 47, 1, 'IMMEDIATE', '', 1)
SET IDENTITY_INSERT [dbo].[un_co_dept_template_items] OFF
GO
IF @@ERROR <> 0
   IF @@TRANCOUNT = 1 ROLLBACK TRANSACTION
GO

IF @@TRANCOUNT = 1
BEGIN
   PRINT 'Data Update Of [dbo].[un_co_dept_template_items] Successfully Completed'
   COMMIT TRANSACTION
END ELSE
BEGIN
   PRINT 'Data Update Of [dbo].[un_co_dept_template_items] Failed'
END
GO

BEGIN TRANSACTION

SET IDENTITY_INSERT [dbo].[un_co_dept_template_sections] ON
GO
INSERT INTO [dbo].[un_co_dept_template_sections]([section_id], [flg_delete], [co_id], [dept_id], [section_index], [section_desc]) VALUES (2, 0, 1, 1, 1, '1. ACTIVITY /PROCESS BEING ASSESSED')
INSERT INTO [dbo].[un_co_dept_template_sections]([section_id], [flg_delete], [co_id], [dept_id], [section_index], [section_desc]) VALUES (3, 0, 1, 1, 2, '2.REGULATIONS/CODES/GUIDANCE')
INSERT INTO [dbo].[un_co_dept_template_sections]([section_id], [flg_delete], [co_id], [dept_id], [section_index], [section_desc]) VALUES (4, 0, 1, 1, 3, '3. SIGNIFICANT HAZARDS')
INSERT INTO [dbo].[un_co_dept_template_sections]([section_id], [flg_delete], [co_id], [dept_id], [section_index], [section_desc]) VALUES (5, 0, 1, 1, 4, '4. PEOPLE AT RISK')
INSERT INTO [dbo].[un_co_dept_template_sections]([section_id], [flg_delete], [co_id], [dept_id], [section_index], [section_desc]) VALUES (6, 0, 1, 1, 5, '5. Frequency and Duration of Exposure to the Risk')
INSERT INTO [dbo].[un_co_dept_template_sections]([section_id], [flg_delete], [co_id], [dept_id], [section_index], [section_desc]) VALUES (7, 0, 1, 1, 6, '6. CONTROL MEASURES:')
INSERT INTO [dbo].[un_co_dept_template_sections]([section_id], [flg_delete], [co_id], [dept_id], [section_index], [section_desc]) VALUES (8, 0, 1, 1, 7, '7. RISK RATING WITH PRECAUTIONS:')
INSERT INTO [dbo].[un_co_dept_template_sections]([section_id], [flg_delete], [co_id], [dept_id], [section_index], [section_desc]) VALUES (9, 0, 1, 1, 8, 'LIKELIHOOD: ')
INSERT INTO [dbo].[un_co_dept_template_sections]([section_id], [flg_delete], [co_id], [dept_id], [section_index], [section_desc]) VALUES (10, 0, 1, 1, 9, 'SEVERITY + PROB: ')
INSERT INTO [dbo].[un_co_dept_template_sections]([section_id], [flg_delete], [co_id], [dept_id], [section_index], [section_desc]) VALUES (11, 0, 1, 1, 10, '8. MANAGEMENT ACTION:')
INSERT INTO [dbo].[un_co_dept_template_sections]([section_id], [flg_delete], [co_id], [dept_id], [section_index], [section_desc]) VALUES (12, 0, 1, 1, 11, '9. PRIORITY FOR ACTION (DATE)')
SET IDENTITY_INSERT [dbo].[un_co_dept_template_sections] OFF
GO
IF @@ERROR <> 0
   IF @@TRANCOUNT = 1 ROLLBACK TRANSACTION
GO

IF @@TRANCOUNT = 1
BEGIN
   PRINT 'Data Update Of [dbo].[un_co_dept_template_sections] Successfully Completed'
   COMMIT TRANSACTION
END ELSE
BEGIN
   PRINT 'Data Update Of [dbo].[un_co_dept_template_sections] Failed'
END
GO

BEGIN TRANSACTION

IF @@ERROR <> 0
   IF @@TRANCOUNT = 1 ROLLBACK TRANSACTION
GO

IF @@TRANCOUNT = 1
   COMMIT TRANSACTION
GO
